time_s,mean_right_minus_left,sem_right_minus_left,n_observations,positive_fraction,t_right_minus_left,is_positive_cluster_point,cluster_threshold_t,observed_positive_cluster_mass,cluster_permutation_p,boundary
0.0,0.004107722821979848,0.007184771129786784,87,0.5172413793103449,0.5717263288944529,False,1.9879342062390202,664.8353884966418,0.0015996800639872025,DPM-driver-evoked KC GRAB5-HT timecourse; fly-pulse units with fly-level side registration
0.6,-0.015214959127665444,0.006858406603021009,87,0.41379310344827586,-2.218439356010698,False,1.9879342062390202,664.8353884966418,0.0015996800639872025,DPM-driver-evoked KC GRAB5-HT timecourse; fly-pulse units with fly-level side registration
1.2,-0.0026539724528997373,0.006746682654199758,87,0.45977011494252873,-0.3933744313952072,False,1.9879342062390202,664.8353884966418,0.0015996800639872025,DPM-driver-evoked KC GRAB5-HT timecourse; fly-pulse units with fly-level side registration
1.8,-0.00785792453621463,0.00662337935052907,87,0.45977011494252873,-1.1863920395238945,False,1.9879342062390202,664.8353884966418,0.0015996800639872025,DPM-driver-evoked KC GRAB5-HT timecourse; fly-pulse units with fly-level side registration
2.4,-0.008421888108086681,0.0060073008806069625,87,0.45977011494252873,-1.4019421160132992,False,1.9879342062390202,664.8353884966418,0.0015996800639872025,DPM-driver-evoked KC GRAB5-HT timecourse; fly-pulse units with fly-level side registration
3.0,-0.0068448573032400695,0.005257099408718655,87,0.4482758620689655,-1.3020216608208306,False,1.9879342062390202,664.8353884966418,0.0015996800639872025,DPM-driver-evoked KC GRAB5-HT timecourse; fly-pulse units with fly-level side registration
3.6,-0.008232320538025228,0.00558462840180717,87,0.4367816091954023,-1.4741035474018775,False,1.9879342062390202,664.8353884966418,0.0015996800639872025,DPM-driver-evoked KC GRAB5-HT timecourse; fly-pulse units with fly-level side registration
4.2,-0.00744369974811969,0.004806602255685683,87,0.4482758620689655,-1.5486406721743224,False,1.9879342062390202,664.8353884966418,0.0015996800639872025,DPM-driver-evoked KC GRAB5-HT timecourse; fly-pulse units with fly-level side registration
4.8,-6.792318720817128e-05,0.0057133270400383475,87,0.4827586206896552,-0.011888552279989101,False,1.9879342062390202,664.8353884966418,0.0015996800639872025,DPM-driver-evoked KC GRAB5-HT timecourse; fly-pulse units with fly-level side registration
5.4,-0.0018535754280138237,0.006098066873473478,87,0.5172413793103449,-0.3039611513735371,False,1.9879342062390202,664.8353884966418,0.0015996800639872025,DPM-driver-evoked KC GRAB5-HT timecourse; fly-pulse units with fly-level side registration
6.0,0.00531539737437998,0.005052417061536618,87,0.5977011494252874,1.0520503967982762,False,1.9879342062390202,664.8353884966418,0.0015996800639872025,DPM-driver-evoked KC GRAB5-HT timecourse; fly-pulse units with fly-level side registration
6.6,-0.003026795353865105,0.005773777448157513,87,0.4827586206896552,-0.5242313859587703,False,1.9879342062390202,664.8353884966418,0.0015996800639872025,DPM-driver-evoked KC GRAB5-HT timecourse; fly-pulse units with fly-level side registration
7.2,-0.010961577318815224,0.0058027667008722205,87,0.45977011494252873,-1.8890260256659255,False,1.9879342062390202,664.8353884966418,0.0015996800639872025,DPM-driver-evoked KC GRAB5-HT timecourse; fly-pulse units with fly-level side registration
7.8,-0.008305543545393406,0.005521737075551619,87,0.45977011494252873,-1.5041541152271698,False,1.9879342062390202,664.8353884966418,0.0015996800639872025,DPM-driver-evoked KC GRAB5-HT timecourse; fly-pulse units with fly-level side registration
8.4,-0.005323152499215171,0.0056582921728262035,87,0.4827586206896552,-0.9407701717453666,False,1.9879342062390202,664.8353884966418,0.0015996800639872025,DPM-driver-evoked KC GRAB5-HT timecourse; fly-pulse units with fly-level side registration
9.0,-0.004243526583755529,0.004890249540344119,87,0.42528735632183906,-0.8677525653336944,False,1.9879342062390202,664.8353884966418,0.0015996800639872025,DPM-driver-evoked KC GRAB5-HT timecourse; fly-pulse units with fly-level side registration
9.6,-0.005419312736579028,0.005669742157131182,87,0.47126436781609193,-0.9558305450915128,False,1.9879342062390202,664.8353884966418,0.0015996800639872025,DPM-driver-evoked KC GRAB5-HT timecourse; fly-pulse units with fly-level side registration
10.2,-0.010475375290057215,0.005178876809471147,87,0.41379310344827586,-2.0227118109663884,False,1.9879342062390202,664.8353884966418,0.0015996800639872025,DPM-driver-evoked KC GRAB5-HT timecourse; fly-pulse units with fly-level side registration
10.8,0.005625686962067668,0.00531781077529016,87,0.5402298850574713,1.0578952880775847,False,1.9879342062390202,664.8353884966418,0.0015996800639872025,DPM-driver-evoked KC GRAB5-HT timecourse; fly-pulse units with fly-level side registration
11.4,-0.004675873631607952,0.005448481103548559,87,0.5287356321839081,-0.85819764127705,False,1.9879342062390202,664.8353884966418,0.0015996800639872025,DPM-driver-evoked KC GRAB5-HT timecourse; fly-pulse units with fly-level side registration
12.0,0.0006908614894840003,0.004748161661213501,87,0.5057471264367817,0.14550083564497565,False,1.9879342062390202,664.8353884966418,0.0015996800639872025,DPM-driver-evoked KC GRAB5-HT timecourse; fly-pulse units with fly-level side registration
12.6,0.0011671417764681047,0.004682075133931927,87,0.47126436781609193,0.24927873711585632,False,1.9879342062390202,664.8353884966418,0.0015996800639872025,DPM-driver-evoked KC GRAB5-HT timecourse; fly-pulse units with fly-level side registration
13.2,-0.0007442778463910691,0.006005126263138881,87,0.5172413793103449,-0.12394041586763155,False,1.9879342062390202,664.8353884966418,0.0015996800639872025,DPM-driver-evoked KC GRAB5-HT timecourse; fly-pulse units with fly-level side registration
13.8,-0.0008593554728035787,0.005622360024742517,87,0.5632183908045977,-0.15284604134594423,False,1.9879342062390202,664.8353884966418,0.0015996800639872025,DPM-driver-evoked KC GRAB5-HT timecourse; fly-pulse units with fly-level side registration
14.4,0.011525739040473692,0.005986940437357322,87,0.5632183908045977,1.9251467692171054,False,1.9879342062390202,664.8353884966418,0.0015996800639872025,DPM-driver-evoked KC GRAB5-HT timecourse; fly-pulse units with fly-level side registration
15.0,0.004773545144566703,0.005778369903863935,87,0.5517241379310345,0.8261058436869338,False,1.9879342062390202,664.8353884966418,0.0015996800639872025,DPM-driver-evoked KC GRAB5-HT timecourse; fly-pulse units with fly-level side registration
15.6,0.008399455791082791,0.0062060551903848765,87,0.5747126436781609,1.3534291161471106,False,1.9879342062390202,664.8353884966418,0.0015996800639872025,DPM-driver-evoked KC GRAB5-HT timecourse; fly-pulse units with fly-level side registration
16.2,0.0016399071242690184,0.005638216461549886,87,0.4827586206896552,0.29085565186304063,False,1.9879342062390202,664.8353884966418,0.0015996800639872025,DPM-driver-evoked KC GRAB5-HT timecourse; fly-pulse units with fly-level side registration
16.8,0.007328743584304378,0.005933536365363274,87,0.5862068965517241,1.2351392378894914,False,1.9879342062390202,664.8353884966418,0.0015996800639872025,DPM-driver-evoked KC GRAB5-HT timecourse; fly-pulse units with fly-level side registration
17.4,0.020138233361416215,0.005444367423498674,87,0.7011494252873564,3.698911516239095,True,1.9879342062390202,664.8353884966418,0.0015996800639872025,DPM-driver-evoked KC GRAB5-HT timecourse; fly-pulse units with fly-level side registration
18.0,0.013186716927441501,0.006106057006907749,87,0.5862068965517241,2.1596124819213838,True,1.9879342062390202,664.8353884966418,0.0015996800639872025,DPM-driver-evoked KC GRAB5-HT timecourse; fly-pulse units with fly-level side registration
18.6,0.0043615385303729425,0.006895856477361204,87,0.45977011494252873,0.632486848398264,False,1.9879342062390202,664.8353884966418,0.0015996800639872025,DPM-driver-evoked KC GRAB5-HT timecourse; fly-pulse units with fly-level side registration
19.2,0.012454889979176178,0.006807977889014246,87,0.5517241379310345,1.8294551160740582,False,1.9879342062390202,664.8353884966418,0.0015996800639872025,DPM-driver-evoked KC GRAB5-HT timecourse; fly-pulse units with fly-level side registration
19.8,0.011910330800474048,0.00567555807137259,87,0.5747126436781609,2.0985303384612584,True,1.9879342062390202,664.8353884966418,0.0015996800639872025,DPM-driver-evoked KC GRAB5-HT timecourse; fly-pulse units with fly-level side registration
20.4,0.0025485160603169327,0.01833771805260056,87,0.5517241379310345,0.13897672834791544,False,1.9879342062390202,664.8353884966418,0.0015996800639872025,DPM-driver-evoked KC GRAB5-HT timecourse; fly-pulse units with fly-level side registration
21.0,0.016372522912846767,0.023887496779387177,87,0.5632183908045977,0.6854013655786162,False,1.9879342062390202,664.8353884966418,0.0015996800639872025,DPM-driver-evoked KC GRAB5-HT timecourse; fly-pulse units with fly-level side registration
21.6,0.04195472957789008,0.025605479229548436,87,0.5862068965517241,1.6385059307726133,False,1.9879342062390202,664.8353884966418,0.0015996800639872025,DPM-driver-evoked KC GRAB5-HT timecourse; fly-pulse units with fly-level side registration
22.2,0.06055321247896923,0.027382715943103805,87,0.5862068965517241,2.211366199203452,True,1.9879342062390202,664.8353884966418,0.0015996800639872025,DPM-driver-evoked KC GRAB5-HT timecourse; fly-pulse units with fly-level side registration
22.8,0.05484805134759694,0.030525638739508955,87,0.5862068965517241,1.7967863609880106,False,1.9879342062390202,664.8353884966418,0.0015996800639872025,DPM-driver-evoked KC GRAB5-HT timecourse; fly-pulse units with fly-level side registration
23.4,0.07027734046639189,0.03062426789221748,87,0.5517241379310345,2.2948251600245246,True,1.9879342062390202,664.8353884966418,0.0015996800639872025,DPM-driver-evoked KC GRAB5-HT timecourse; fly-pulse units with fly-level side registration
24.0,0.07400415152735972,0.03127156555687051,87,0.6206896551724138,2.366499732569374,True,1.9879342062390202,664.8353884966418,0.0015996800639872025,DPM-driver-evoked KC GRAB5-HT timecourse; fly-pulse units with fly-level side registration
24.6,0.06679276510546046,0.033210914387687224,87,0.5632183908045977,2.011169109219815,True,1.9879342062390202,664.8353884966418,0.0015996800639872025,DPM-driver-evoked KC GRAB5-HT timecourse; fly-pulse units with fly-level side registration
25.2,0.08923585267876226,0.03391482677004628,87,0.6206896551724138,2.6311752462665017,True,1.9879342062390202,664.8353884966418,0.0015996800639872025,DPM-driver-evoked KC GRAB5-HT timecourse; fly-pulse units with fly-level side registration
25.8,0.08959818072817007,0.03424662610404464,87,0.5402298850574713,2.6162629993378594,True,1.9879342062390202,664.8353884966418,0.0015996800639872025,DPM-driver-evoked KC GRAB5-HT timecourse; fly-pulse units with fly-level side registration
26.4,0.09823543707825041,0.03588941685746835,87,0.6091954022988506,2.737170054012964,True,1.9879342062390202,664.8353884966418,0.0015996800639872025,DPM-driver-evoked KC GRAB5-HT timecourse; fly-pulse units with fly-level side registration
27.0,0.10672569584581712,0.03526231636536157,87,0.5747126436781609,3.0266218117949437,True,1.9879342062390202,664.8353884966418,0.0015996800639872025,DPM-driver-evoked KC GRAB5-HT timecourse; fly-pulse units with fly-level side registration
27.6,0.11096348747777982,0.034851803073257685,87,0.5747126436781609,3.1838664772820255,True,1.9879342062390202,664.8353884966418,0.0015996800639872025,DPM-driver-evoked KC GRAB5-HT timecourse; fly-pulse units with fly-level side registration
28.2,0.10503949099515869,0.03657221764817349,87,0.6436781609195402,2.8721116123075636,True,1.9879342062390202,664.8353884966418,0.0015996800639872025,DPM-driver-evoked KC GRAB5-HT timecourse; fly-pulse units with fly-level side registration
28.8,0.10791817146647166,0.036652568377582434,87,0.5747126436781609,2.9443549591050466,True,1.9879342062390202,664.8353884966418,0.0015996800639872025,DPM-driver-evoked KC GRAB5-HT timecourse; fly-pulse units with fly-level side registration
29.4,0.12082379842391398,0.03760973097418453,87,0.5747126436781609,3.212567473743641,True,1.9879342062390202,664.8353884966418,0.0015996800639872025,DPM-driver-evoked KC GRAB5-HT timecourse; fly-pulse units with fly-level side registration
30.0,0.11619483157472422,0.037290698359815355,87,0.5977011494252874,3.11591996624918,True,1.9879342062390202,664.8353884966418,0.0015996800639872025,DPM-driver-evoked KC GRAB5-HT timecourse; fly-pulse units with fly-level side registration
30.6,0.1267423201145021,0.03733607959876018,87,0.5977011494252874,3.394633862916631,True,1.9879342062390202,664.8353884966418,0.0015996800639872025,DPM-driver-evoked KC GRAB5-HT timecourse; fly-pulse units with fly-level side registration
31.2,0.1370820054663434,0.03812742025935756,87,0.6666666666666666,3.595365344255085,True,1.9879342062390202,664.8353884966418,0.0015996800639872025,DPM-driver-evoked KC GRAB5-HT timecourse; fly-pulse units with fly-level side registration
31.8,0.14005298372360286,0.03862053853129591,87,0.6666666666666666,3.6263860901398823,True,1.9879342062390202,664.8353884966418,0.0015996800639872025,DPM-driver-evoked KC GRAB5-HT timecourse; fly-pulse units with fly-level side registration
32.4,0.1337790461900714,0.03960012120013662,87,0.6091954022988506,3.3782484026743296,True,1.9879342062390202,664.8353884966418,0.0015996800639872025,DPM-driver-evoked KC GRAB5-HT timecourse; fly-pulse units with fly-level side registration
33.0,0.13907090361861152,0.04012022584372267,87,0.6091954022988506,3.4663539572365334,True,1.9879342062390202,664.8353884966418,0.0015996800639872025,DPM-driver-evoked KC GRAB5-HT timecourse; fly-pulse units with fly-level side registration
33.6,0.14636525292826347,0.039842275622286615,87,0.6551724137931034,3.6736167962853754,True,1.9879342062390202,664.8353884966418,0.0015996800639872025,DPM-driver-evoked KC GRAB5-HT timecourse; fly-pulse units with fly-level side registration
34.2,0.14813064202128004,0.03972723523759536,87,0.6551724137931034,3.728692448275346,True,1.9879342062390202,664.8353884966418,0.0015996800639872025,DPM-driver-evoked KC GRAB5-HT timecourse; fly-pulse units with fly-level side registration
34.8,0.13602889652638575,0.04070010576310737,87,0.6666666666666666,3.3422246447744914,True,1.9879342062390202,664.8353884966418,0.0015996800639872025,DPM-driver-evoked KC GRAB5-HT timecourse; fly-pulse units with fly-level side registration
35.4,0.14509587462643933,0.04082768055132313,87,0.6551724137931034,3.553860338552519,True,1.9879342062390202,664.8353884966418,0.0015996800639872025,DPM-driver-evoked KC GRAB5-HT timecourse; fly-pulse units with fly-level side registration
36.0,0.1512035374800462,0.04051312583357085,87,0.6551724137931034,3.7322110888504363,True,1.9879342062390202,664.8353884966418,0.0015996800639872025,DPM-driver-evoked KC GRAB5-HT timecourse; fly-pulse units with fly-level side registration
36.6,0.16219168485459431,0.04127692388975105,87,0.6436781609195402,3.929354941463215,True,1.9879342062390202,664.8353884966418,0.0015996800639872025,DPM-driver-evoked KC GRAB5-HT timecourse; fly-pulse units with fly-level side registration
37.2,0.15759308713747833,0.04072781003835602,87,0.6781609195402298,3.869422072757231,True,1.9879342062390202,664.8353884966418,0.0015996800639872025,DPM-driver-evoked KC GRAB5-HT timecourse; fly-pulse units with fly-level side registration
37.8,0.16184188697354238,0.041056880497127614,87,0.6781609195402298,3.9418943917296643,True,1.9879342062390202,664.8353884966418,0.0015996800639872025,DPM-driver-evoked KC GRAB5-HT timecourse; fly-pulse units with fly-level side registration
38.4,0.15478188577048269,0.0421445460819773,87,0.6551724137931034,3.672643323038984,True,1.9879342062390202,664.8353884966418,0.0015996800639872025,DPM-driver-evoked KC GRAB5-HT timecourse; fly-pulse units with fly-level side registration
39.0,0.1617815511777046,0.04179035191581487,87,0.5977011494252874,3.8712655855018303,True,1.9879342062390202,664.8353884966418,0.0015996800639872025,DPM-driver-evoked KC GRAB5-HT timecourse; fly-pulse units with fly-level side registration
39.6,0.16173362971590813,0.04198123781970018,87,0.6551724137931034,3.852521700539586,True,1.9879342062390202,664.8353884966418,0.0015996800639872025,DPM-driver-evoked KC GRAB5-HT timecourse; fly-pulse units with fly-level side registration
40.2,0.15428937762226727,0.04233855256925207,87,0.6551724137931034,3.644181679803535,True,1.9879342062390202,664.8353884966418,0.0015996800639872025,DPM-driver-evoked KC GRAB5-HT timecourse; fly-pulse units with fly-level side registration
40.8000000000001,0.1597664932880869,0.04327932675440298,87,0.6781609195402298,3.6915198379751417,True,1.9879342062390202,664.8353884966418,0.0015996800639872025,DPM-driver-evoked KC GRAB5-HT timecourse; fly-pulse units with fly-level side registration
41.4000000000001,0.15967297097252361,0.041428512495384325,87,0.6551724137931034,3.854180644074857,True,1.9879342062390202,664.8353884966418,0.0015996800639872025,DPM-driver-evoked KC GRAB5-HT timecourse; fly-pulse units with fly-level side registration
42.0000000000001,0.1568934811869191,0.04156528498508303,87,0.6436781609195402,3.774627823271875,True,1.9879342062390202,664.8353884966418,0.0015996800639872025,DPM-driver-evoked KC GRAB5-HT timecourse; fly-pulse units with fly-level side registration
42.6000000000001,0.16936086446915166,0.04163046090777337,87,0.6436781609195402,4.068195758013529,True,1.9879342062390202,664.8353884966418,0.0015996800639872025,DPM-driver-evoked KC GRAB5-HT timecourse; fly-pulse units with fly-level side registration
43.2000000000001,0.1642820855888796,0.04260423086534461,87,0.6551724137931034,3.856004022420011,True,1.9879342062390202,664.8353884966418,0.0015996800639872025,DPM-driver-evoked KC GRAB5-HT timecourse; fly-pulse units with fly-level side registration
43.8000000000001,0.15454890140734695,0.041729150784797185,87,0.6436781609195402,3.7036196160419443,True,1.9879342062390202,664.8353884966418,0.0015996800639872025,DPM-driver-evoked KC GRAB5-HT timecourse; fly-pulse units with fly-level side registration
44.4000000000001,0.14956143568242952,0.040782641443427844,87,0.632183908045977,3.6672817254835137,True,1.9879342062390202,664.8353884966418,0.0015996800639872025,DPM-driver-evoked KC GRAB5-HT timecourse; fly-pulse units with fly-level side registration
45.0000000000001,0.15131437974574494,0.041928973593708646,87,0.632183908045977,3.6088262310444286,True,1.9879342062390202,664.8353884966418,0.0015996800639872025,DPM-driver-evoked KC GRAB5-HT timecourse; fly-pulse units with fly-level side registration
45.6000000000001,0.15844481302658683,0.04192051101708084,87,0.6436781609195402,3.7796488922100036,True,1.9879342062390202,664.8353884966418,0.0015996800639872025,DPM-driver-evoked KC GRAB5-HT timecourse; fly-pulse units with fly-level side registration
46.2000000000001,0.14718947809879093,0.04269462234104963,87,0.6091954022988506,3.447494556176752,True,1.9879342062390202,664.8353884966418,0.0015996800639872025,DPM-driver-evoked KC GRAB5-HT timecourse; fly-pulse units with fly-level side registration
46.8000000000001,0.15301067877680527,0.04152871675303337,87,0.632183908045977,3.6844547758781627,True,1.9879342062390202,664.8353884966418,0.0015996800639872025,DPM-driver-evoked KC GRAB5-HT timecourse; fly-pulse units with fly-level side registration
47.4000000000001,0.15564493390327308,0.042029042891756546,87,0.6896551724137931,3.7032709572789444,True,1.9879342062390202,664.8353884966418,0.0015996800639872025,DPM-driver-evoked KC GRAB5-HT timecourse; fly-pulse units with fly-level side registration
48.0000000000001,0.15904994281790674,0.042215919181268574,87,0.6551724137931034,3.767534757089407,True,1.9879342062390202,664.8353884966418,0.0015996800639872025,DPM-driver-evoked KC GRAB5-HT timecourse; fly-pulse units with fly-level side registration
48.6000000000001,0.15739524629068719,0.04226273277401346,87,0.6436781609195402,3.724208917873538,True,1.9879342062390202,664.8353884966418,0.0015996800639872025,DPM-driver-evoked KC GRAB5-HT timecourse; fly-pulse units with fly-level side registration
49.2000000000001,0.16091612173771064,0.04166866413964123,87,0.6666666666666666,3.861801789432075,True,1.9879342062390202,664.8353884966418,0.0015996800639872025,DPM-driver-evoked KC GRAB5-HT timecourse; fly-pulse units with fly-level side registration
49.8000000000001,0.1577908577878857,0.041043611677091134,87,0.6436781609195402,3.8444681484002565,True,1.9879342062390202,664.8353884966418,0.0015996800639872025,DPM-driver-evoked KC GRAB5-HT timecourse; fly-pulse units with fly-level side registration
50.4000000000001,0.1560458100587126,0.04268490820657965,87,0.6206896551724138,3.655760703607627,True,1.9879342062390202,664.8353884966418,0.0015996800639872025,DPM-driver-evoked KC GRAB5-HT timecourse; fly-pulse units with fly-level side registration
51.0000000000001,0.15946544158599452,0.04204834902323792,87,0.6436781609195402,3.792430506554879,True,1.9879342062390202,664.8353884966418,0.0015996800639872025,DPM-driver-evoked KC GRAB5-HT timecourse; fly-pulse units with fly-level side registration
51.6000000000001,0.1635492955802346,0.041869157310596795,87,0.6551724137931034,3.906199839824371,True,1.9879342062390202,664.8353884966418,0.0015996800639872025,DPM-driver-evoked KC GRAB5-HT timecourse; fly-pulse units with fly-level side registration
52.2000000000001,0.1530993363045716,0.04265339558591683,87,0.632183908045977,3.589382139487189,True,1.9879342062390202,664.8353884966418,0.0015996800639872025,DPM-driver-evoked KC GRAB5-HT timecourse; fly-pulse units with fly-level side registration
52.8000000000001,0.15552626135247768,0.04161675881218888,87,0.6436781609195402,3.737106535719128,True,1.9879342062390202,664.8353884966418,0.0015996800639872025,DPM-driver-evoked KC GRAB5-HT timecourse; fly-pulse units with fly-level side registration
53.4000000000001,0.1573329393941428,0.04392073491390184,87,0.632183908045977,3.582201884885665,True,1.9879342062390202,664.8353884966418,0.0015996800639872025,DPM-driver-evoked KC GRAB5-HT timecourse; fly-pulse units with fly-level side registration
54.0000000000001,0.1647856352068366,0.04241290854733309,87,0.6551724137931034,3.885270801999696,True,1.9879342062390202,664.8353884966418,0.0015996800639872025,DPM-driver-evoked KC GRAB5-HT timecourse; fly-pulse units with fly-level side registration
54.6000000000001,0.1565054588014431,0.043737679274305254,87,0.6666666666666666,3.5782753314345594,True,1.9879342062390202,664.8353884966418,0.0015996800639872025,DPM-driver-evoked KC GRAB5-HT timecourse; fly-pulse units with fly-level side registration
55.2000000000001,0.15662783390808813,0.04402828249149946,87,0.6781609195402298,3.5574368347965484,True,1.9879342062390202,664.8353884966418,0.0015996800639872025,DPM-driver-evoked KC GRAB5-HT timecourse; fly-pulse units with fly-level side registration
55.8000000000001,0.15213864919897752,0.04224775768715416,87,0.6206896551724138,3.6011058936090414,True,1.9879342062390202,664.8353884966418,0.0015996800639872025,DPM-driver-evoked KC GRAB5-HT timecourse; fly-pulse units with fly-level side registration
56.4000000000001,0.1638567751178978,0.04452555010501417,87,0.6436781609195402,3.680061778718942,True,1.9879342062390202,664.8353884966418,0.0015996800639872025,DPM-driver-evoked KC GRAB5-HT timecourse; fly-pulse units with fly-level side registration
57.0000000000001,0.16382716985612736,0.043671515127830095,87,0.6551724137931034,3.7513507231565435,True,1.9879342062390202,664.8353884966418,0.0015996800639872025,DPM-driver-evoked KC GRAB5-HT timecourse; fly-pulse units with fly-level side registration
57.6000000000001,0.17456620919927893,0.04355912352037477,87,0.6551724137931034,4.007569369884719,True,1.9879342062390202,664.8353884966418,0.0015996800639872025,DPM-driver-evoked KC GRAB5-HT timecourse; fly-pulse units with fly-level side registration
58.2000000000001,0.17747271673752618,0.04446038593876998,87,0.6896551724137931,3.9917043676125146,True,1.9879342062390202,664.8353884966418,0.0015996800639872025,DPM-driver-evoked KC GRAB5-HT timecourse; fly-pulse units with fly-level side registration
58.8000000000001,0.1697329350111505,0.043096973839269595,87,0.6781609195402298,3.93839566657674,True,1.9879342062390202,664.8353884966418,0.0015996800639872025,DPM-driver-evoked KC GRAB5-HT timecourse; fly-pulse units with fly-level side registration
59.4000000000001,0.1648465839078205,0.04316812034207937,87,0.632183908045977,3.818711183195335,True,1.9879342062390202,664.8353884966418,0.0015996800639872025,DPM-driver-evoked KC GRAB5-HT timecourse; fly-pulse units with fly-level side registration
60.0000000000001,0.16369433400052802,0.043561920242919765,87,0.6436781609195402,3.7577391696164657,True,1.9879342062390202,664.8353884966418,0.0015996800639872025,DPM-driver-evoked KC GRAB5-HT timecourse; fly-pulse units with fly-level side registration
60.6000000000001,0.1563368288317643,0.04202807919259315,87,0.6551724137931034,3.719818555479367,True,1.9879342062390202,664.8353884966418,0.0015996800639872025,DPM-driver-evoked KC GRAB5-HT timecourse; fly-pulse units with fly-level side registration
61.2000000000001,0.15999561271024604,0.04176975870454662,87,0.6551724137931034,3.830417452060373,True,1.9879342062390202,664.8353884966418,0.0015996800639872025,DPM-driver-evoked KC GRAB5-HT timecourse; fly-pulse units with fly-level side registration
61.8000000000001,0.16252954794212607,0.04171830524792592,87,0.6666666666666666,3.8958808843320987,True,1.9879342062390202,664.8353884966418,0.0015996800639872025,DPM-driver-evoked KC GRAB5-HT timecourse; fly-pulse units with fly-level side registration
62.4000000000001,0.16330024217041875,0.04210319293374456,87,0.6781609195402298,3.878571452464311,True,1.9879342062390202,664.8353884966418,0.0015996800639872025,DPM-driver-evoked KC GRAB5-HT timecourse; fly-pulse units with fly-level side registration
63.0000000000001,0.15167775692813049,0.03999278850001249,87,0.7011494252873564,3.7926276865661195,True,1.9879342062390202,664.8353884966418,0.0015996800639872025,DPM-driver-evoked KC GRAB5-HT timecourse; fly-pulse units with fly-level side registration
63.6000000000001,0.1571586217843406,0.04211381549974614,87,0.6781609195402298,3.7317592794527945,True,1.9879342062390202,664.8353884966418,0.0015996800639872025,DPM-driver-evoked KC GRAB5-HT timecourse; fly-pulse units with fly-level side registration
64.2000000000001,0.15726942966995736,0.04134924371967098,87,0.632183908045977,3.803441502731522,True,1.9879342062390202,664.8353884966418,0.0015996800639872025,DPM-driver-evoked KC GRAB5-HT timecourse; fly-pulse units with fly-level side registration
64.8000000000001,0.1516975957485652,0.0409761667081411,87,0.7011494252873564,3.702093385871209,True,1.9879342062390202,664.8353884966418,0.0015996800639872025,DPM-driver-evoked KC GRAB5-HT timecourse; fly-pulse units with fly-level side registration
65.4000000000001,0.16086268715115823,0.039798741304806935,87,0.7011494252873564,4.041903886335447,True,1.9879342062390202,664.8353884966418,0.0015996800639872025,DPM-driver-evoked KC GRAB5-HT timecourse; fly-pulse units with fly-level side registration
66.0000000000001,0.15403667054510142,0.03986316449069376,87,0.6666666666666666,3.864135537485038,True,1.9879342062390202,664.8353884966418,0.0015996800639872025,DPM-driver-evoked KC GRAB5-HT timecourse; fly-pulse units with fly-level side registration
66.6000000000001,0.1563622835042897,0.03797138562956459,87,0.7011494252873564,4.117897751472776,True,1.9879342062390202,664.8353884966418,0.0015996800639872025,DPM-driver-evoked KC GRAB5-HT timecourse; fly-pulse units with fly-level side registration
67.2000000000001,0.15005376189045067,0.03999403905567806,87,0.6666666666666666,3.7519031694086205,True,1.9879342062390202,664.8353884966418,0.0015996800639872025,DPM-driver-evoked KC GRAB5-HT timecourse; fly-pulse units with fly-level side registration
67.8000000000001,0.15945575377441892,0.03925542922653029,87,0.6781609195402298,4.062005101364495,True,1.9879342062390202,664.8353884966418,0.0015996800639872025,DPM-driver-evoked KC GRAB5-HT timecourse; fly-pulse units with fly-level side registration
68.4000000000001,0.16004672661871092,0.039608343334905594,87,0.6896551724137931,4.04073266244556,True,1.9879342062390202,664.8353884966418,0.0015996800639872025,DPM-driver-evoked KC GRAB5-HT timecourse; fly-pulse units with fly-level side registration
69.0000000000001,0.15325927256299082,0.03930642163032808,87,0.6436781609195402,3.899089924907815,True,1.9879342062390202,664.8353884966418,0.0015996800639872025,DPM-driver-evoked KC GRAB5-HT timecourse; fly-pulse units with fly-level side registration
69.6000000000001,0.15124345388294946,0.03905165787175598,87,0.6091954022988506,3.8729073777002414,True,1.9879342062390202,664.8353884966418,0.0015996800639872025,DPM-driver-evoked KC GRAB5-HT timecourse; fly-pulse units with fly-level side registration
70.2000000000001,0.14635048696655104,0.03869038122704117,87,0.6551724137931034,3.7826064857759767,True,1.9879342062390202,664.8353884966418,0.0015996800639872025,DPM-driver-evoked KC GRAB5-HT timecourse; fly-pulse units with fly-level side registration
70.8000000000001,0.15215969202294866,0.03781682535969065,87,0.6436781609195402,4.023597712808999,True,1.9879342062390202,664.8353884966418,0.0015996800639872025,DPM-driver-evoked KC GRAB5-HT timecourse; fly-pulse units with fly-level side registration
71.4000000000001,0.15672139986859038,0.0371317822618834,87,0.7471264367816092,4.2206807840050375,True,1.9879342062390202,664.8353884966418,0.0015996800639872025,DPM-driver-evoked KC GRAB5-HT timecourse; fly-pulse units with fly-level side registration
72.0000000000001,0.15258071830484213,0.038548485434479265,87,0.7011494252873564,3.958150795941985,True,1.9879342062390202,664.8353884966418,0.0015996800639872025,DPM-driver-evoked KC GRAB5-HT timecourse; fly-pulse units with fly-level side registration
72.6000000000001,0.1378053163967486,0.0373013253551238,87,0.6436781609195402,3.694381234038895,True,1.9879342062390202,664.8353884966418,0.0015996800639872025,DPM-driver-evoked KC GRAB5-HT timecourse; fly-pulse units with fly-level side registration
73.2000000000001,0.13925538520962352,0.0384146998571439,87,0.6666666666666666,3.625054620431363,True,1.9879342062390202,664.8353884966418,0.0015996800639872025,DPM-driver-evoked KC GRAB5-HT timecourse; fly-pulse units with fly-level side registration
73.8000000000001,0.14461044919452642,0.03780865435223596,87,0.7011494252873564,3.82479756743774,True,1.9879342062390202,664.8353884966418,0.0015996800639872025,DPM-driver-evoked KC GRAB5-HT timecourse; fly-pulse units with fly-level side registration
74.4000000000001,0.14501504617608732,0.037522473659222816,87,0.6781609195402298,3.864751761653737,True,1.9879342062390202,664.8353884966418,0.0015996800639872025,DPM-driver-evoked KC GRAB5-HT timecourse; fly-pulse units with fly-level side registration
75.0000000000001,0.14909959594984676,0.03645716627479157,87,0.6551724137931034,4.089719832474807,True,1.9879342062390202,664.8353884966418,0.0015996800639872025,DPM-driver-evoked KC GRAB5-HT timecourse; fly-pulse units with fly-level side registration
75.6000000000001,0.14413742552707404,0.038512383891983006,87,0.6781609195402298,3.7426253833401013,True,1.9879342062390202,664.8353884966418,0.0015996800639872025,DPM-driver-evoked KC GRAB5-HT timecourse; fly-pulse units with fly-level side registration
76.2000000000001,0.14161321971528534,0.03860433993526065,87,0.6666666666666666,3.6683238193625445,True,1.9879342062390202,664.8353884966418,0.0015996800639872025,DPM-driver-evoked KC GRAB5-HT timecourse; fly-pulse units with fly-level side registration
76.8000000000001,0.14420244449026712,0.03788960033830632,87,0.6436781609195402,3.805858156399678,True,1.9879342062390202,664.8353884966418,0.0015996800639872025,DPM-driver-evoked KC GRAB5-HT timecourse; fly-pulse units with fly-level side registration
77.4000000000001,0.14357184032559595,0.037439229095600005,87,0.6781609195402298,3.8347969173988425,True,1.9879342062390202,664.8353884966418,0.0015996800639872025,DPM-driver-evoked KC GRAB5-HT timecourse; fly-pulse units with fly-level side registration
78.0000000000001,0.13703004048960268,0.038268923790044124,87,0.6551724137931034,3.580713198034898,True,1.9879342062390202,664.8353884966418,0.0015996800639872025,DPM-driver-evoked KC GRAB5-HT timecourse; fly-pulse units with fly-level side registration
78.6000000000001,0.1544885164842001,0.03704561922342523,87,0.6666666666666666,4.170223624889813,True,1.9879342062390202,664.8353884966418,0.0015996800639872025,DPM-driver-evoked KC GRAB5-HT timecourse; fly-pulse units with fly-level side registration
79.2000000000001,0.15508413990929446,0.036738391375572485,87,0.6666666666666666,4.221310027537313,True,1.9879342062390202,664.8353884966418,0.0015996800639872025,DPM-driver-evoked KC GRAB5-HT timecourse; fly-pulse units with fly-level side registration
79.8000000000001,0.1413430254561433,0.036556072274668276,87,0.6091954022988506,3.866471878984868,True,1.9879342062390202,664.8353884966418,0.0015996800639872025,DPM-driver-evoked KC GRAB5-HT timecourse; fly-pulse units with fly-level side registration
80.4000000000001,0.14687595409249576,0.03868067955667705,87,0.632183908045977,3.7971399617549397,True,1.9879342062390202,664.8353884966418,0.0015996800639872025,DPM-driver-evoked KC GRAB5-HT timecourse; fly-pulse units with fly-level side registration
81.0000000000001,0.14617674222969915,0.036191805293313374,87,0.6896551724137931,4.038945862054194,True,1.9879342062390202,664.8353884966418,0.0015996800639872025,DPM-driver-evoked KC GRAB5-HT timecourse; fly-pulse units with fly-level side registration
81.6000000000001,0.14353951777765037,0.036079126211926174,87,0.6551724137931034,3.9784643600986795,True,1.9879342062390202,664.8353884966418,0.0015996800639872025,DPM-driver-evoked KC GRAB5-HT timecourse; fly-pulse units with fly-level side registration
82.2000000000001,0.1463960871448428,0.03555461830499115,87,0.7011494252873564,4.117498488917592,True,1.9879342062390202,664.8353884966418,0.0015996800639872025,DPM-driver-evoked KC GRAB5-HT timecourse; fly-pulse units with fly-level side registration
82.8000000000002,0.15292522339585674,0.036471290141888456,87,0.6781609195402298,4.193030265749146,True,1.9879342062390202,664.8353884966418,0.0015996800639872025,DPM-driver-evoked KC GRAB5-HT timecourse; fly-pulse units with fly-level side registration
83.4000000000002,0.1411408868387291,0.03597653280118208,87,0.6666666666666666,3.92313755243506,True,1.9879342062390202,664.8353884966418,0.0015996800639872025,DPM-driver-evoked KC GRAB5-HT timecourse; fly-pulse units with fly-level side registration
84.0000000000002,0.14697458477539627,0.03591743558969781,87,0.6551724137931034,4.092012204166184,True,1.9879342062390202,664.8353884966418,0.0015996800639872025,DPM-driver-evoked KC GRAB5-HT timecourse; fly-pulse units with fly-level side registration
84.6000000000001,0.14158363885170364,0.03518053810096132,87,0.6781609195402298,4.024487585874499,True,1.9879342062390202,664.8353884966418,0.0015996800639872025,DPM-driver-evoked KC GRAB5-HT timecourse; fly-pulse units with fly-level side registration
85.2000000000002,0.1403585861494021,0.036291726140752614,87,0.6436781609195402,3.8675092390215906,True,1.9879342062390202,664.8353884966418,0.0015996800639872025,DPM-driver-evoked KC GRAB5-HT timecourse; fly-pulse units with fly-level side registration
85.8000000000002,0.1431079468074308,0.035371216464692226,87,0.6666666666666666,4.045887054811419,True,1.9879342062390202,664.8353884966418,0.0015996800639872025,DPM-driver-evoked KC GRAB5-HT timecourse; fly-pulse units with fly-level side registration
86.4000000000002,0.14264367889740737,0.0366608659255386,87,0.6781609195402298,3.8908976996650617,True,1.9879342062390202,664.8353884966418,0.0015996800639872025,DPM-driver-evoked KC GRAB5-HT timecourse; fly-pulse units with fly-level side registration
87.0000000000002,0.1457433972822487,0.036895607878772725,87,0.6896551724137931,3.950155741060435,True,1.9879342062390202,664.8353884966418,0.0015996800639872025,DPM-driver-evoked KC GRAB5-HT timecourse; fly-pulse units with fly-level side registration
87.6000000000002,0.13666913378754345,0.0354998865654846,87,0.6551724137931034,3.84984705614306,True,1.9879342062390202,664.8353884966418,0.0015996800639872025,DPM-driver-evoked KC GRAB5-HT timecourse; fly-pulse units with fly-level side registration
88.2000000000002,0.14100067433426722,0.034939862787090575,87,0.7126436781609196,4.035524558109127,True,1.9879342062390202,664.8353884966418,0.0015996800639872025,DPM-driver-evoked KC GRAB5-HT timecourse; fly-pulse units with fly-level side registration
88.8000000000002,0.13845871417796846,0.035082669715422114,87,0.6896551724137931,3.94664132750145,True,1.9879342062390202,664.8353884966418,0.0015996800639872025,DPM-driver-evoked KC GRAB5-HT timecourse; fly-pulse units with fly-level side registration
89.4000000000002,0.13848493571655834,0.03505776711512493,87,0.6551724137931034,3.9501926994321317,True,1.9879342062390202,664.8353884966418,0.0015996800639872025,DPM-driver-evoked KC GRAB5-HT timecourse; fly-pulse units with fly-level side registration
90.0000000000002,0.13660142741834524,0.0357698440664321,87,0.6666666666666666,3.81889915887382,True,1.9879342062390202,664.8353884966418,0.0015996800639872025,DPM-driver-evoked KC GRAB5-HT timecourse; fly-pulse units with fly-level side registration
90.6000000000002,0.14733257639270952,0.03411659234467324,87,0.6781609195402298,4.318502120734609,True,1.9879342062390202,664.8353884966418,0.0015996800639872025,DPM-driver-evoked KC GRAB5-HT timecourse; fly-pulse units with fly-level side registration
91.2000000000002,0.1428993328349066,0.03523867655824588,87,0.6896551724137931,4.05518443914058,True,1.9879342062390202,664.8353884966418,0.0015996800639872025,DPM-driver-evoked KC GRAB5-HT timecourse; fly-pulse units with fly-level side registration
91.8000000000002,0.1416406438623081,0.03645051720858602,87,0.7011494252873564,3.8858335823268995,True,1.9879342062390202,664.8353884966418,0.0015996800639872025,DPM-driver-evoked KC GRAB5-HT timecourse; fly-pulse units with fly-level side registration
92.4000000000002,0.14174482854854747,0.035708850269071016,87,0.6781609195402298,3.9694593211621494,True,1.9879342062390202,664.8353884966418,0.0015996800639872025,DPM-driver-evoked KC GRAB5-HT timecourse; fly-pulse units with fly-level side registration
93.0000000000002,0.14994862868912712,0.03519647533980656,87,0.7126436781609196,4.2603308212381705,True,1.9879342062390202,664.8353884966418,0.0015996800639872025,DPM-driver-evoked KC GRAB5-HT timecourse; fly-pulse units with fly-level side registration
93.6000000000002,0.1262767369183055,0.03552615267929089,87,0.6551724137931034,3.55447261791214,True,1.9879342062390202,664.8353884966418,0.0015996800639872025,DPM-driver-evoked KC GRAB5-HT timecourse; fly-pulse units with fly-level side registration
94.2000000000002,0.13823123736054638,0.03781461286113846,87,0.6091954022988506,3.6554978856495097,True,1.9879342062390202,664.8353884966418,0.0015996800639872025,DPM-driver-evoked KC GRAB5-HT timecourse; fly-pulse units with fly-level side registration
94.8000000000002,0.13722052763247714,0.03761617536734957,87,0.6551724137931034,3.6479128006081942,True,1.9879342062390202,664.8353884966418,0.0015996800639872025,DPM-driver-evoked KC GRAB5-HT timecourse; fly-pulse units with fly-level side registration
95.4000000000002,0.13313418739434318,0.03642723717366733,87,0.6896551724137931,3.6547978305251148,True,1.9879342062390202,664.8353884966418,0.0015996800639872025,DPM-driver-evoked KC GRAB5-HT timecourse; fly-pulse units with fly-level side registration
96.0000000000002,0.14242308409088933,0.036838230323757236,87,0.6436781609195402,3.8661760578395556,True,1.9879342062390202,664.8353884966418,0.0015996800639872025,DPM-driver-evoked KC GRAB5-HT timecourse; fly-pulse units with fly-level side registration
96.6000000000002,0.13623464248638142,0.036439090807043474,87,0.6666666666666666,3.738694886976928,True,1.9879342062390202,664.8353884966418,0.0015996800639872025,DPM-driver-evoked KC GRAB5-HT timecourse; fly-pulse units with fly-level side registration
97.2000000000002,0.13832983463835521,0.03634378398668572,87,0.6436781609195402,3.8061483825963567,True,1.9879342062390202,664.8353884966418,0.0015996800639872025,DPM-driver-evoked KC GRAB5-HT timecourse; fly-pulse units with fly-level side registration
97.8000000000002,0.1369524643272581,0.03620009961535276,87,0.632183908045977,3.7832068359606237,True,1.9879342062390202,664.8353884966418,0.0015996800639872025,DPM-driver-evoked KC GRAB5-HT timecourse; fly-pulse units with fly-level side registration
98.4000000000002,0.13433981893445057,0.035379338935808496,87,0.6666666666666666,3.7971263165259765,True,1.9879342062390202,664.8353884966418,0.0015996800639872025,DPM-driver-evoked KC GRAB5-HT timecourse; fly-pulse units with fly-level side registration
99.0000000000002,0.14302983041906098,0.03608300279577706,87,0.6666666666666666,3.9639115189105145,True,1.9879342062390202,664.8353884966418,0.0015996800639872025,DPM-driver-evoked KC GRAB5-HT timecourse; fly-pulse units with fly-level side registration
99.6000000000002,0.13428730586902254,0.03698344595358254,87,0.6551724137931034,3.631011183694587,True,1.9879342062390202,664.8353884966418,0.0015996800639872025,DPM-driver-evoked KC GRAB5-HT timecourse; fly-pulse units with fly-level side registration
100.2,0.14279545762841697,0.03696525400979334,87,0.6551724137931034,3.862964328355099,True,1.9879342062390202,664.8353884966418,0.0015996800639872025,DPM-driver-evoked KC GRAB5-HT timecourse; fly-pulse units with fly-level side registration
100.8,0.12996393304113035,0.03564214808285841,87,0.6551724137931034,3.646355229179766,True,1.9879342062390202,664.8353884966418,0.0015996800639872025,DPM-driver-evoked KC GRAB5-HT timecourse; fly-pulse units with fly-level side registration
101.4,0.13130856532633262,0.03725365179833342,87,0.6551724137931034,3.5247166113311565,True,1.9879342062390202,664.8353884966418,0.0015996800639872025,DPM-driver-evoked KC GRAB5-HT timecourse; fly-pulse units with fly-level side registration
102.0,0.1477846551478562,0.03811418877755017,87,0.6781609195402298,3.877418354891068,True,1.9879342062390202,664.8353884966418,0.0015996800639872025,DPM-driver-evoked KC GRAB5-HT timecourse; fly-pulse units with fly-level side registration
102.6,0.13536673727038026,0.037110317868266754,87,0.6551724137931034,3.6476846614707426,True,1.9879342062390202,664.8353884966418,0.0015996800639872025,DPM-driver-evoked KC GRAB5-HT timecourse; fly-pulse units with fly-level side registration
103.2,0.13398626038243094,0.03654997042240034,87,0.6206896551724138,3.665837723915501,True,1.9879342062390202,664.8353884966418,0.0015996800639872025,DPM-driver-evoked KC GRAB5-HT timecourse; fly-pulse units with fly-level side registration
103.8,0.13978856818964402,0.03704790030101993,87,0.6781609195402298,3.7731846354001237,True,1.9879342062390202,664.8353884966418,0.0015996800639872025,DPM-driver-evoked KC GRAB5-HT timecourse; fly-pulse units with fly-level side registration
104.4,0.13343561927497372,0.03759483428314253,87,0.6666666666666666,3.5493072870068763,True,1.9879342062390202,664.8353884966418,0.0015996800639872025,DPM-driver-evoked KC GRAB5-HT timecourse; fly-pulse units with fly-level side registration
105.0,0.1552409176991808,0.03847716216689054,87,0.7126436781609196,4.034624929609936,True,1.9879342062390202,664.8353884966418,0.0015996800639872025,DPM-driver-evoked KC GRAB5-HT timecourse; fly-pulse units with fly-level side registration
105.6,0.13390237795109083,0.040672494719698436,87,0.632183908045977,3.2922096093171156,True,1.9879342062390202,664.8353884966418,0.0015996800639872025,DPM-driver-evoked KC GRAB5-HT timecourse; fly-pulse units with fly-level side registration
106.2,0.1390412479997395,0.038092485578708896,87,0.6896551724137931,3.650096492455039,True,1.9879342062390202,664.8353884966418,0.0015996800639872025,DPM-driver-evoked KC GRAB5-HT timecourse; fly-pulse units with fly-level side registration
106.8,0.1258376134513278,0.03796391791434567,87,0.6666666666666666,3.3146635111592824,True,1.9879342062390202,664.8353884966418,0.0015996800639872025,DPM-driver-evoked KC GRAB5-HT timecourse; fly-pulse units with fly-level side registration
107.4,0.1269639968867264,0.038858889189073716,87,0.6551724137931034,3.267308961637173,True,1.9879342062390202,664.8353884966418,0.0015996800639872025,DPM-driver-evoked KC GRAB5-HT timecourse; fly-pulse units with fly-level side registration
108.0,0.13166269642309333,0.03767808996523978,87,0.6551724137931034,3.49441005487698,True,1.9879342062390202,664.8353884966418,0.0015996800639872025,DPM-driver-evoked KC GRAB5-HT timecourse; fly-pulse units with fly-level side registration
108.6,0.13221589619917873,0.03808753579672692,87,0.6436781609195402,3.471369135163131,True,1.9879342062390202,664.8353884966418,0.0015996800639872025,DPM-driver-evoked KC GRAB5-HT timecourse; fly-pulse units with fly-level side registration
109.2,0.12987417858138123,0.03940186746353537,87,0.632183908045977,3.2961427196711894,True,1.9879342062390202,664.8353884966418,0.0015996800639872025,DPM-driver-evoked KC GRAB5-HT timecourse; fly-pulse units with fly-level side registration
109.8,0.13788377712735414,0.03881365763480804,87,0.6436781609195402,3.5524551286735764,True,1.9879342062390202,664.8353884966418,0.0015996800639872025,DPM-driver-evoked KC GRAB5-HT timecourse; fly-pulse units with fly-level side registration
110.4,0.12885134305718937,0.0382897839456463,87,0.6436781609195402,3.365162447510762,True,1.9879342062390202,664.8353884966418,0.0015996800639872025,DPM-driver-evoked KC GRAB5-HT timecourse; fly-pulse units with fly-level side registration
111.0,0.13532887599103624,0.03973573726984013,87,0.6436781609195402,3.405722034853305,True,1.9879342062390202,664.8353884966418,0.0015996800639872025,DPM-driver-evoked KC GRAB5-HT timecourse; fly-pulse units with fly-level side registration
111.6,0.1276481900970143,0.037944295371790795,87,0.6551724137931034,3.3640943611226666,True,1.9879342062390202,664.8353884966418,0.0015996800639872025,DPM-driver-evoked KC GRAB5-HT timecourse; fly-pulse units with fly-level side registration
112.2,0.12280956661640566,0.03870569754701288,87,0.6436781609195402,3.1729066881494177,True,1.9879342062390202,664.8353884966418,0.0015996800639872025,DPM-driver-evoked KC GRAB5-HT timecourse; fly-pulse units with fly-level side registration
112.8,0.12622776808621158,0.0398617438093412,87,0.6551724137931034,3.1666393896353164,True,1.9879342062390202,664.8353884966418,0.0015996800639872025,DPM-driver-evoked KC GRAB5-HT timecourse; fly-pulse units with fly-level side registration
113.4,0.1217748355928528,0.040425569455448125,87,0.632183908045977,3.012322083107757,True,1.9879342062390202,664.8353884966418,0.0015996800639872025,DPM-driver-evoked KC GRAB5-HT timecourse; fly-pulse units with fly-level side registration
114.0,0.12111746844176936,0.03843550635545526,87,0.6436781609195402,3.1511870123854586,True,1.9879342062390202,664.8353884966418,0.0015996800639872025,DPM-driver-evoked KC GRAB5-HT timecourse; fly-pulse units with fly-level side registration
114.6,0.11464994939314314,0.040222055992086815,87,0.6206896551724138,2.850424886676581,True,1.9879342062390202,664.8353884966418,0.0015996800639872025,DPM-driver-evoked KC GRAB5-HT timecourse; fly-pulse units with fly-level side registration
115.2,0.11941837222548149,0.039226912313595326,87,0.6551724137931034,3.0442970191180017,True,1.9879342062390202,664.8353884966418,0.0015996800639872025,DPM-driver-evoked KC GRAB5-HT timecourse; fly-pulse units with fly-level side registration
115.8,0.11743808117705622,0.040743992891316486,87,0.5977011494252874,2.882340999084679,True,1.9879342062390202,664.8353884966418,0.0015996800639872025,DPM-driver-evoked KC GRAB5-HT timecourse; fly-pulse units with fly-level side registration
116.4,0.11537909550488647,0.0407664156492043,87,0.6551724137931034,2.8302487149649247,True,1.9879342062390202,664.8353884966418,0.0015996800639872025,DPM-driver-evoked KC GRAB5-HT timecourse; fly-pulse units with fly-level side registration
117.0,0.1143316265334528,0.04035099401649847,87,0.6666666666666666,2.8334277586000876,True,1.9879342062390202,664.8353884966418,0.0015996800639872025,DPM-driver-evoked KC GRAB5-HT timecourse; fly-pulse units with fly-level side registration
117.6,0.1122753649121896,0.03879231129659886,87,0.5977011494252874,2.8942685073274665,True,1.9879342062390202,664.8353884966418,0.0015996800639872025,DPM-driver-evoked KC GRAB5-HT timecourse; fly-pulse units with fly-level side registration
118.2,0.10714366086279137,0.04076586726644352,87,0.6091954022988506,2.6282688937415744,True,1.9879342062390202,664.8353884966418,0.0015996800639872025,DPM-driver-evoked KC GRAB5-HT timecourse; fly-pulse units with fly-level side registration
118.8,0.11633480466538783,0.039555789955373656,87,0.632183908045977,2.9410310044783654,True,1.9879342062390202,664.8353884966418,0.0015996800639872025,DPM-driver-evoked KC GRAB5-HT timecourse; fly-pulse units with fly-level side registration
119.4,0.11267013293906333,0.039994092766897985,87,0.5977011494252874,2.8171693653798124,True,1.9879342062390202,664.8353884966418,0.0015996800639872025,DPM-driver-evoked KC GRAB5-HT timecourse; fly-pulse units with fly-level side registration
120.0,0.1140564853442634,0.039239996172774474,87,0.632183908045977,2.9066385440526155,True,1.9879342062390202,664.8353884966418,0.0015996800639872025,DPM-driver-evoked KC GRAB5-HT timecourse; fly-pulse units with fly-level side registration
120.6,0.09942106349685123,0.037715131349008876,87,0.6206896551724138,2.636105455309887,True,1.9879342062390202,664.8353884966418,0.0015996800639872025,DPM-driver-evoked KC GRAB5-HT timecourse; fly-pulse units with fly-level side registration
121.2,0.10435313260467544,0.03878626203437197,87,0.5977011494252874,2.690466343784271,True,1.9879342062390202,664.8353884966418,0.0015996800639872025,DPM-driver-evoked KC GRAB5-HT timecourse; fly-pulse units with fly-level side registration
121.8,0.09657700917911158,0.03742454849680497,87,0.632183908045977,2.5805791401159217,True,1.9879342062390202,664.8353884966418,0.0015996800639872025,DPM-driver-evoked KC GRAB5-HT timecourse; fly-pulse units with fly-level side registration
122.4,0.10373277366742249,0.03842640076269058,87,0.5977011494252874,2.6995183417787065,True,1.9879342062390202,664.8353884966418,0.0015996800639872025,DPM-driver-evoked KC GRAB5-HT timecourse; fly-pulse units with fly-level side registration
123.0,0.10709376899551619,0.039146810881500765,87,0.6091954022988506,2.735695873661179,True,1.9879342062390202,664.8353884966418,0.0015996800639872025,DPM-driver-evoked KC GRAB5-HT timecourse; fly-pulse units with fly-level side registration
123.6,0.09435912739248144,0.039618954856482966,87,0.6206896551724138,2.381666243703074,True,1.9879342062390202,664.8353884966418,0.0015996800639872025,DPM-driver-evoked KC GRAB5-HT timecourse; fly-pulse units with fly-level side registration
124.2,0.103468098799657,0.038118287308804184,87,0.6206896551724138,2.714395270738173,True,1.9879342062390202,664.8353884966418,0.0015996800639872025,DPM-driver-evoked KC GRAB5-HT timecourse; fly-pulse units with fly-level side registration
124.8,0.09559315620273409,0.03857388009679244,87,0.5977011494252874,2.478183578184633,True,1.9879342062390202,664.8353884966418,0.0015996800639872025,DPM-driver-evoked KC GRAB5-HT timecourse; fly-pulse units with fly-level side registration
125.4,0.09885705344682576,0.03818901096883075,87,0.6091954022988506,2.5886256527436986,True,1.9879342062390202,664.8353884966418,0.0015996800639872025,DPM-driver-evoked KC GRAB5-HT timecourse; fly-pulse units with fly-level side registration
126.0,0.09293356329900435,0.039424282370851826,87,0.5977011494252874,2.3572670879537525,True,1.9879342062390202,664.8353884966418,0.0015996800639872025,DPM-driver-evoked KC GRAB5-HT timecourse; fly-pulse units with fly-level side registration
126.6,0.09572040662335787,0.039032940315210825,87,0.5977011494252874,2.452298132048648,True,1.9879342062390202,664.8353884966418,0.0015996800639872025,DPM-driver-evoked KC GRAB5-HT timecourse; fly-pulse units with fly-level side registration
127.2,0.1044555782348225,0.03850305082932195,87,0.5977011494252874,2.71291692437199,True,1.9879342062390202,664.8353884966418,0.0015996800639872025,DPM-driver-evoked KC GRAB5-HT timecourse; fly-pulse units with fly-level side registration
127.8,0.09178887494278362,0.03836476936792231,87,0.6206896551724138,2.39253034633203,True,1.9879342062390202,664.8353884966418,0.0015996800639872025,DPM-driver-evoked KC GRAB5-HT timecourse; fly-pulse units with fly-level side registration
128.4,0.09403020577147558,0.03802812961994548,87,0.6091954022988506,2.472648713234569,True,1.9879342062390202,664.8353884966418,0.0015996800639872025,DPM-driver-evoked KC GRAB5-HT timecourse; fly-pulse units with fly-level side registration
129.0,0.08876408748890229,0.03791019581250779,87,0.5632183908045977,2.341430467093925,True,1.9879342062390202,664.8353884966418,0.0015996800639872025,DPM-driver-evoked KC GRAB5-HT timecourse; fly-pulse units with fly-level side registration
129.6,0.09613299544272588,0.03881343358359703,87,0.6206896551724138,2.4767969892607673,True,1.9879342062390202,664.8353884966418,0.0015996800639872025,DPM-driver-evoked KC GRAB5-HT timecourse; fly-pulse units with fly-level side registration
130.2,0.08958967679674791,0.03875136548363497,87,0.5862068965517241,2.3119101915152487,True,1.9879342062390202,664.8353884966418,0.0015996800639872025,DPM-driver-evoked KC GRAB5-HT timecourse; fly-pulse units with fly-level side registration
130.8,0.08862702544789146,0.03802550128446958,87,0.5632183908045977,2.330726024750359,True,1.9879342062390202,664.8353884966418,0.0015996800639872025,DPM-driver-evoked KC GRAB5-HT timecourse; fly-pulse units with fly-level side registration
131.4,0.07990411294738414,0.03886550847155047,87,0.5862068965517241,2.055913227170922,True,1.9879342062390202,664.8353884966418,0.0015996800639872025,DPM-driver-evoked KC GRAB5-HT timecourse; fly-pulse units with fly-level side registration
132.0,0.08592941587887626,0.03872640210204301,87,0.6206896551724138,2.2188845649139983,True,1.9879342062390202,664.8353884966418,0.0015996800639872025,DPM-driver-evoked KC GRAB5-HT timecourse; fly-pulse units with fly-level side registration
132.6,0.09436479155721869,0.03805114834132307,87,0.5632183908045977,2.4799459588119634,True,1.9879342062390202,664.8353884966418,0.0015996800639872025,DPM-driver-evoked KC GRAB5-HT timecourse; fly-pulse units with fly-level side registration
133.2,0.0782451527814718,0.038644421321189525,87,0.5632183908045977,2.024746395634818,True,1.9879342062390202,664.8353884966418,0.0015996800639872025,DPM-driver-evoked KC GRAB5-HT timecourse; fly-pulse units with fly-level side registration
133.8,0.07825540050581596,0.03699811314120832,87,0.5747126436781609,2.115118687462347,True,1.9879342062390202,664.8353884966418,0.0015996800639872025,DPM-driver-evoked KC GRAB5-HT timecourse; fly-pulse units with fly-level side registration
134.4,0.08377524944592694,0.03898122763662882,87,0.5287356321839081,2.1491177811754523,True,1.9879342062390202,664.8353884966418,0.0015996800639872025,DPM-driver-evoked KC GRAB5-HT timecourse; fly-pulse units with fly-level side registration
135.0,0.08293393110042334,0.03788888894133448,87,0.5747126436781609,2.1888720787995304,True,1.9879342062390202,664.8353884966418,0.0015996800639872025,DPM-driver-evoked KC GRAB5-HT timecourse; fly-pulse units with fly-level side registration
135.6,0.08701242162680123,0.03755472079899203,87,0.5862068965517241,2.3169503001374103,True,1.9879342062390202,664.8353884966418,0.0015996800639872025,DPM-driver-evoked KC GRAB5-HT timecourse; fly-pulse units with fly-level side registration
136.2,0.08610378389149032,0.03794471866708163,87,0.5977011494252874,2.26919020396344,True,1.9879342062390202,664.8353884966418,0.0015996800639872025,DPM-driver-evoked KC GRAB5-HT timecourse; fly-pulse units with fly-level side registration
136.8,0.09238522803329172,0.03814733118170059,87,0.6091954022988506,2.421800560391738,True,1.9879342062390202,664.8353884966418,0.0015996800639872025,DPM-driver-evoked KC GRAB5-HT timecourse; fly-pulse units with fly-level side registration
137.4,0.07886874649963564,0.038219472519758386,87,0.5862068965517241,2.0635749606136695,True,1.9879342062390202,664.8353884966418,0.0015996800639872025,DPM-driver-evoked KC GRAB5-HT timecourse; fly-pulse units with fly-level side registration
138.0,0.08858903625273251,0.03748053296667327,87,0.6436781609195402,2.3636012948776264,True,1.9879342062390202,664.8353884966418,0.0015996800639872025,DPM-driver-evoked KC GRAB5-HT timecourse; fly-pulse units with fly-level side registration
138.6,0.08508706953676215,0.03777552455621134,87,0.5977011494252874,2.2524391265606263,True,1.9879342062390202,664.8353884966418,0.0015996800639872025,DPM-driver-evoked KC GRAB5-HT timecourse; fly-pulse units with fly-level side registration
139.2,0.08068205516071963,0.03781632974411896,87,0.5747126436781609,2.133524213128245,True,1.9879342062390202,664.8353884966418,0.0015996800639872025,DPM-driver-evoked KC GRAB5-HT timecourse; fly-pulse units with fly-level side registration
139.8,0.07599277685479804,0.038907857013946556,87,0.5747126436781609,1.9531473251677254,False,1.9879342062390202,664.8353884966418,0.0015996800639872025,DPM-driver-evoked KC GRAB5-HT timecourse; fly-pulse units with fly-level side registration
140.4,0.0747081517222929,0.038043435373081476,87,0.5632183908045977,1.9637593448028725,False,1.9879342062390202,664.8353884966418,0.0015996800639872025,DPM-driver-evoked KC GRAB5-HT timecourse; fly-pulse units with fly-level side registration
141.0,0.07667614543688078,0.03858929432845647,87,0.6091954022988506,1.9869797251083279,False,1.9879342062390202,664.8353884966418,0.0015996800639872025,DPM-driver-evoked KC GRAB5-HT timecourse; fly-pulse units with fly-level side registration
141.6,0.079534768929462,0.03905405586963687,87,0.5862068965517241,2.0365303208186742,True,1.9879342062390202,664.8353884966418,0.0015996800639872025,DPM-driver-evoked KC GRAB5-HT timecourse; fly-pulse units with fly-level side registration
142.2,0.06823623929425789,0.03685579005292191,87,0.5747126436781609,1.8514387887568333,False,1.9879342062390202,664.8353884966418,0.0015996800639872025,DPM-driver-evoked KC GRAB5-HT timecourse; fly-pulse units with fly-level side registration
142.8,0.07642908670257334,0.03770095699449648,87,0.632183908045977,2.0272452689657277,True,1.9879342062390202,664.8353884966418,0.0015996800639872025,DPM-driver-evoked KC GRAB5-HT timecourse; fly-pulse units with fly-level side registration
143.4,0.07585995584012453,0.03703872477525238,87,0.632183908045977,2.0481254767931634,True,1.9879342062390202,664.8353884966418,0.0015996800639872025,DPM-driver-evoked KC GRAB5-HT timecourse; fly-pulse units with fly-level side registration
144.0,0.0849880165110046,0.03914525057649662,87,0.632183908045977,2.171093945226465,True,1.9879342062390202,664.8353884966418,0.0015996800639872025,DPM-driver-evoked KC GRAB5-HT timecourse; fly-pulse units with fly-level side registration
144.6,0.0681870226268182,0.04045313390229871,87,0.5977011494252874,1.685580721422019,False,1.9879342062390202,664.8353884966418,0.0015996800639872025,DPM-driver-evoked KC GRAB5-HT timecourse; fly-pulse units with fly-level side registration
145.2,0.06589083685133991,0.03973755437290815,87,0.5517241379310345,1.6581502785249982,False,1.9879342062390202,664.8353884966418,0.0015996800639872025,DPM-driver-evoked KC GRAB5-HT timecourse; fly-pulse units with fly-level side registration
145.8,0.07850992284889487,0.03947582243820635,87,0.6091954022988506,1.9888103147639475,True,1.9879342062390202,664.8353884966418,0.0015996800639872025,DPM-driver-evoked KC GRAB5-HT timecourse; fly-pulse units with fly-level side registration
146.4,0.06963417302377871,0.04033100195689049,87,0.5517241379310345,1.7265669000291677,False,1.9879342062390202,664.8353884966418,0.0015996800639872025,DPM-driver-evoked KC GRAB5-HT timecourse; fly-pulse units with fly-level side registration
147.0,0.07687296438338238,0.03898332295769191,87,0.5747126436781609,1.9719448869664498,False,1.9879342062390202,664.8353884966418,0.0015996800639872025,DPM-driver-evoked KC GRAB5-HT timecourse; fly-pulse units with fly-level side registration
147.6,0.06712438774145765,0.04081399568428969,87,0.5632183908045977,1.6446414181225455,False,1.9879342062390202,664.8353884966418,0.0015996800639872025,DPM-driver-evoked KC GRAB5-HT timecourse; fly-pulse units with fly-level side registration
148.2,0.061383449516528736,0.04038903079198023,87,0.5747126436781609,1.5198049646865313,False,1.9879342062390202,664.8353884966418,0.0015996800639872025,DPM-driver-evoked KC GRAB5-HT timecourse; fly-pulse units with fly-level side registration
148.8,0.06256410072194822,0.03990593651900975,87,0.5632183908045977,1.5677893110501226,False,1.9879342062390202,664.8353884966418,0.0015996800639872025,DPM-driver-evoked KC GRAB5-HT timecourse; fly-pulse units with fly-level side registration
149.4,0.060261928183255306,0.039397749367598246,87,0.5402298850574713,1.5295779365715827,False,1.9879342062390202,664.8353884966418,0.0015996800639872025,DPM-driver-evoked KC GRAB5-HT timecourse; fly-pulse units with fly-level side registration
150.0,0.06966612284205251,0.04060285118969581,87,0.5747126436781609,1.7157938617801396,False,1.9879342062390202,664.8353884966418,0.0015996800639872025,DPM-driver-evoked KC GRAB5-HT timecourse; fly-pulse units with fly-level side registration
150.6,0.05942255910345418,0.03983235059930528,87,0.5057471264367817,1.4918165312717089,False,1.9879342062390202,664.8353884966418,0.0015996800639872025,DPM-driver-evoked KC GRAB5-HT timecourse; fly-pulse units with fly-level side registration
151.2,0.06680219449360156,0.040960353048903664,87,0.5057471264367817,1.630898894202514,False,1.9879342062390202,664.8353884966418,0.0015996800639872025,DPM-driver-evoked KC GRAB5-HT timecourse; fly-pulse units with fly-level side registration
151.8,0.05969265148161356,0.041007591051750406,87,0.5632183908045977,1.4556488189292354,False,1.9879342062390202,664.8353884966418,0.0015996800639872025,DPM-driver-evoked KC GRAB5-HT timecourse; fly-pulse units with fly-level side registration
152.4,0.05795755478178965,0.04134711783177487,87,0.5287356321839081,1.4017314342827014,False,1.9879342062390202,664.8353884966418,0.0015996800639872025,DPM-driver-evoked KC GRAB5-HT timecourse; fly-pulse units with fly-level side registration
153.0,0.059339597581931976,0.041056805540628426,87,0.5402298850574713,1.4453047868814712,False,1.9879342062390202,664.8353884966418,0.0015996800639872025,DPM-driver-evoked KC GRAB5-HT timecourse; fly-pulse units with fly-level side registration
153.6,0.0636213412062459,0.040675801419271,87,0.5632183908045977,1.5641078721587025,False,1.9879342062390202,664.8353884966418,0.0015996800639872025,DPM-driver-evoked KC GRAB5-HT timecourse; fly-pulse units with fly-level side registration
154.2,0.06483749623166461,0.04151929146379884,87,0.5402298850574713,1.5616233790549434,False,1.9879342062390202,664.8353884966418,0.0015996800639872025,DPM-driver-evoked KC GRAB5-HT timecourse; fly-pulse units with fly-level side registration
154.8,0.06927514094997417,0.04317936670896366,87,0.5287356321839081,1.6043575028994868,False,1.9879342062390202,664.8353884966418,0.0015996800639872025,DPM-driver-evoked KC GRAB5-HT timecourse; fly-pulse units with fly-level side registration
155.4,0.0643074712533964,0.04212611563693976,87,0.5517241379310345,1.5265464256810366,False,1.9879342062390202,664.8353884966418,0.0015996800639872025,DPM-driver-evoked KC GRAB5-HT timecourse; fly-pulse units with fly-level side registration
156.0,0.04603643652534769,0.04220842899166259,87,0.5517241379310345,1.0906929640627288,False,1.9879342062390202,664.8353884966418,0.0015996800639872025,DPM-driver-evoked KC GRAB5-HT timecourse; fly-pulse units with fly-level side registration
156.6,0.05400915132882691,0.04098239646574761,87,0.5632183908045977,1.3178622039335068,False,1.9879342062390202,664.8353884966418,0.0015996800639872025,DPM-driver-evoked KC GRAB5-HT timecourse; fly-pulse units with fly-level side registration
157.2,0.06538820791157691,0.04173401971090543,87,0.5517241379310345,1.5667843252225824,False,1.9879342062390202,664.8353884966418,0.0015996800639872025,DPM-driver-evoked KC GRAB5-HT timecourse; fly-pulse units with fly-level side registration
157.8,0.05858593905123865,0.041858892208032863,87,0.5632183908045977,1.3996055786683195,False,1.9879342062390202,664.8353884966418,0.0015996800639872025,DPM-driver-evoked KC GRAB5-HT timecourse; fly-pulse units with fly-level side registration
158.4,0.06571712821302589,0.04244997474778113,87,0.5517241379310345,1.5481075926072474,False,1.9879342062390202,664.8353884966418,0.0015996800639872025,DPM-driver-evoked KC GRAB5-HT timecourse; fly-pulse units with fly-level side registration
159.0,0.05703121905097546,0.0409826706606599,87,0.5632183908045977,1.3915935231063623,False,1.9879342062390202,664.8353884966418,0.0015996800639872025,DPM-driver-evoked KC GRAB5-HT timecourse; fly-pulse units with fly-level side registration
159.6,0.06346491058476733,0.04236074032554207,87,0.5632183908045977,1.498201166859687,False,1.9879342062390202,664.8353884966418,0.0015996800639872025,DPM-driver-evoked KC GRAB5-HT timecourse; fly-pulse units with fly-level side registration
160.2,0.05555813567101265,0.04211406426917098,87,0.5287356321839081,1.319229968304988,False,1.9879342062390202,664.8353884966418,0.0015996800639872025,DPM-driver-evoked KC GRAB5-HT timecourse; fly-pulse units with fly-level side registration
160.8,0.058914057419501085,0.040778626656784944,87,0.5517241379310345,1.4447288260920057,False,1.9879342062390202,664.8353884966418,0.0015996800639872025,DPM-driver-evoked KC GRAB5-HT timecourse; fly-pulse units with fly-level side registration
161.4,0.052183309603070285,0.04078211255357347,87,0.5747126436781609,1.279563669844705,False,1.9879342062390202,664.8353884966418,0.0015996800639872025,DPM-driver-evoked KC GRAB5-HT timecourse; fly-pulse units with fly-level side registration
162.0,0.05066067968646908,0.041165354703271755,87,0.5517241379310345,1.23066301873606,False,1.9879342062390202,664.8353884966418,0.0015996800639872025,DPM-driver-evoked KC GRAB5-HT timecourse; fly-pulse units with fly-level side registration
162.6,0.047148282097942786,0.04113519941391023,87,0.5172413793103449,1.1461785227665429,False,1.9879342062390202,664.8353884966418,0.0015996800639872025,DPM-driver-evoked KC GRAB5-HT timecourse; fly-pulse units with fly-level side registration
163.2,0.04331627703455472,0.040190853437670836,87,0.5747126436781609,1.0777645491338192,False,1.9879342062390202,664.8353884966418,0.0015996800639872025,DPM-driver-evoked KC GRAB5-HT timecourse; fly-pulse units with fly-level side registration
163.8,0.042719306868624365,0.04058513074276539,87,0.5402298850574713,1.0525851731114457,False,1.9879342062390202,664.8353884966418,0.0015996800639872025,DPM-driver-evoked KC GRAB5-HT timecourse; fly-pulse units with fly-level side registration
164.4,0.04213260954258506,0.04099823789113359,87,0.4942528735632184,1.0276687904115214,False,1.9879342062390202,664.8353884966418,0.0015996800639872025,DPM-driver-evoked KC GRAB5-HT timecourse; fly-pulse units with fly-level side registration
165.0,0.04809678955115168,0.040885451271051546,87,0.5402298850574713,1.1763790799884368,False,1.9879342062390202,664.8353884966418,0.0015996800639872025,DPM-driver-evoked KC GRAB5-HT timecourse; fly-pulse units with fly-level side registration
165.6,0.05304631710416575,0.042040032718335604,87,0.5287356321839081,1.2618048482400395,False,1.9879342062390202,664.8353884966418,0.0015996800639872025,DPM-driver-evoked KC GRAB5-HT timecourse; fly-pulse units with fly-level side registration
166.2,0.04512759476559675,0.042995644050946975,87,0.5517241379310345,1.0495852722225432,False,1.9879342062390202,664.8353884966418,0.0015996800639872025,DPM-driver-evoked KC GRAB5-HT timecourse; fly-pulse units with fly-level side registration
166.8,0.049526571067556605,0.04199716781390157,87,0.5402298850574713,1.1792835956705325,False,1.9879342062390202,664.8353884966418,0.0015996800639872025,DPM-driver-evoked KC GRAB5-HT timecourse; fly-pulse units with fly-level side registration
167.4,0.040841214727648394,0.0422477651884513,87,0.5057471264367817,0.9667071038070577,False,1.9879342062390202,664.8353884966418,0.0015996800639872025,DPM-driver-evoked KC GRAB5-HT timecourse; fly-pulse units with fly-level side registration
168.0,0.03935553306770067,0.04221935499523288,87,0.5172413793103449,0.9321680322246615,False,1.9879342062390202,664.8353884966418,0.0015996800639872025,DPM-driver-evoked KC GRAB5-HT timecourse; fly-pulse units with fly-level side registration
168.6,0.04968735732363247,0.04147868117603253,87,0.5172413793103449,1.1979010883389205,False,1.9879342062390202,664.8353884966418,0.0015996800639872025,DPM-driver-evoked KC GRAB5-HT timecourse; fly-pulse units with fly-level side registration
169.2,0.04174407425619446,0.04163874451955044,87,0.5287356321839081,1.0025296088501074,False,1.9879342062390202,664.8353884966418,0.0015996800639872025,DPM-driver-evoked KC GRAB5-HT timecourse; fly-pulse units with fly-level side registration
169.8,0.03676975451351804,0.042735843480970946,87,0.5057471264367817,0.8603961339827203,False,1.9879342062390202,664.8353884966418,0.0015996800639872025,DPM-driver-evoked KC GRAB5-HT timecourse; fly-pulse units with fly-level side registration
170.4,0.031045625362603628,0.0397123553069016,87,0.5402298850574713,0.78176237905507,False,1.9879342062390202,664.8353884966418,0.0015996800639872025,DPM-driver-evoked KC GRAB5-HT timecourse; fly-pulse units with fly-level side registration
171.0,0.028450186839678582,0.04187123765830362,87,0.5287356321839081,0.6794684951003959,False,1.9879342062390202,664.8353884966418,0.0015996800639872025,DPM-driver-evoked KC GRAB5-HT timecourse; fly-pulse units with fly-level side registration
171.6,0.036774958605412696,0.03982277078867983,87,0.5172413793103449,0.9234655920995453,False,1.9879342062390202,664.8353884966418,0.0015996800639872025,DPM-driver-evoked KC GRAB5-HT timecourse; fly-pulse units with fly-level side registration
172.2,0.03497322192816846,0.04165655034807221,87,0.5057471264367817,0.8395611647133655,False,1.9879342062390202,664.8353884966418,0.0015996800639872025,DPM-driver-evoked KC GRAB5-HT timecourse; fly-pulse units with fly-level side registration
172.8,0.0321013100177632,0.04133896371828778,87,0.5287356321839081,0.7765388178698351,False,1.9879342062390202,664.8353884966418,0.0015996800639872025,DPM-driver-evoked KC GRAB5-HT timecourse; fly-pulse units with fly-level side registration
173.4,0.03314121650864594,0.041616910327566335,87,0.5287356321839081,0.7963401474975368,False,1.9879342062390202,664.8353884966418,0.0015996800639872025,DPM-driver-evoked KC GRAB5-HT timecourse; fly-pulse units with fly-level side registration
174.0,0.03708372944020291,0.04148350167642667,87,0.5402298850574713,0.8939392274417383,False,1.9879342062390202,664.8353884966418,0.0015996800639872025,DPM-driver-evoked KC GRAB5-HT timecourse; fly-pulse units with fly-level side registration
174.6,0.030588674581152,0.04235215244498642,87,0.5172413793103449,0.7222460445401292,False,1.9879342062390202,664.8353884966418,0.0015996800639872025,DPM-driver-evoked KC GRAB5-HT timecourse; fly-pulse units with fly-level side registration
175.2,0.030662332604945896,0.041276073398625525,87,0.5172413793103449,0.7428597267192314,False,1.9879342062390202,664.8353884966418,0.0015996800639872025,DPM-driver-evoked KC GRAB5-HT timecourse; fly-pulse units with fly-level side registration
175.8,0.03202302656288365,0.040885787170590625,87,0.5057471264367817,0.7832312590502842,False,1.9879342062390202,664.8353884966418,0.0015996800639872025,DPM-driver-evoked KC GRAB5-HT timecourse; fly-pulse units with fly-level side registration
176.4,0.03338860383263845,0.04181360661078343,87,0.5057471264367817,0.7985104978729045,False,1.9879342062390202,664.8353884966418,0.0015996800639872025,DPM-driver-evoked KC GRAB5-HT timecourse; fly-pulse units with fly-level side registration
177.0,0.03614068416348074,0.04097358538882641,87,0.4827586206896552,0.8820483689800891,False,1.9879342062390202,664.8353884966418,0.0015996800639872025,DPM-driver-evoked KC GRAB5-HT timecourse; fly-pulse units with fly-level side registration
177.6,0.035331257778822144,0.04160647524564454,87,0.5517241379310345,0.8491769026389876,False,1.9879342062390202,664.8353884966418,0.0015996800639872025,DPM-driver-evoked KC GRAB5-HT timecourse; fly-pulse units with fly-level side registration
178.2,0.02638273681711762,0.04184507338123524,87,0.4942528735632184,0.6304860927534791,False,1.9879342062390202,664.8353884966418,0.0015996800639872025,DPM-driver-evoked KC GRAB5-HT timecourse; fly-pulse units with fly-level side registration
178.8,0.031619574658091475,0.0419762414707298,87,0.5172413793103449,0.7532731266599925,False,1.9879342062390202,664.8353884966418,0.0015996800639872025,DPM-driver-evoked KC GRAB5-HT timecourse; fly-pulse units with fly-level side registration
179.4,0.028208994947753505,0.041294171863370865,87,0.5632183908045977,0.683122912383084,False,1.9879342062390202,664.8353884966418,0.0015996800639872025,DPM-driver-evoked KC GRAB5-HT timecourse; fly-pulse units with fly-level side registration
