cohort,selection_rule,case_id,case_class,glomeruli,lateral_code_index_real3_delta_vs_sym_arbor,lateral_code_index_real3_delta_vs_sym_baseline,lateral_code_index_real3_minus_mirror_arbor,lateral_code_index_real3_minus_mirror_baseline,lateral_code_index_real3_minus_shuffle_arbor,lateral_code_index_real3_minus_shuffle_baseline,mean_spike_count_real3_delta_vs_sym_arbor,mean_spike_count_real3_delta_vs_sym_baseline,normalized_effective_dimension_real3_delta_vs_sym_arbor,normalized_effective_dimension_real3_delta_vs_sym_baseline,normalized_effective_dimension_real3_minus_mirror_arbor,normalized_effective_dimension_real3_minus_mirror_baseline,normalized_effective_dimension_real3_minus_shuffle_arbor,normalized_effective_dimension_real3_minus_shuffle_baseline
lateral_support_selected_72,partly selected by single-glomerulus lateral-code support,neutral_control_054_VA5_DC3_VM7v,neutral_control,VA5;DC3;VM7v,0.141555612784944,0.1645471873022915,0.1930765860518069,0.2214458717921752,0.1393817839580564,0.1632609573402931,-380.25,0.0,-0.0043372626658843,-0.0002077179646145,-0.0082923226413271,0.0004115734493244,-0.0068358226991153,3.215994786441234e-05
lateral_support_selected_72,partly selected by single-glomerulus lateral-code support,neutral_control_055_DC3_VM7v_VA1v,neutral_control,DC3;VM7v;VA1v,0.1129560757690888,0.1333727427969912,0.1490146202074334,0.1745354185422121,0.1117995599976489,0.1322068030972748,-270.4583333333321,0.0,-0.0007868334663989,-0.0002906714029325,-0.0026996570401801,-4.059001265830004e-05,-0.0018919526353999,-8.374912384890004e-05
lateral_support_selected_72,partly selected by single-glomerulus lateral-code support,neutral_control_056_VM7v_VA1v_VC1,neutral_control,VM7v;VA1v;VC1,0.1250317742231629,0.1166530189683403,0.1670817849278573,0.1547671136740926,0.1252324132486489,0.1162106897219002,-331.9166666666679,0.0,0.0007577626959225,-0.0001511560613245,-0.00452043799662,2.1018170470399984e-05,-0.0002621810534037,3.109619948071964e-05
lateral_support_selected_72,partly selected by single-glomerulus lateral-code support,neutral_control_057_VA1v_VC1_D,neutral_control,VA1v;VC1;D,0.1279705889402248,0.1295294570106469,0.168728240045362,0.1706983510068213,0.1280230408499552,0.1290469292257159,-289.9166666666679,3.552713678800501e-15,0.0023031812835002,-0.0001082801100451,0.004248971140788,0.0003196992605547,0.0060185319963559,0.0001963954344536
lateral_support_selected_72,partly selected by single-glomerulus lateral-code support,neutral_control_058_VC1_VA1d_D,neutral_control,VC1;VA1d;D,0.140062553721194,0.1514318977534242,0.1819746772494375,0.1990350406509681,0.1407982066740496,0.1512710429802034,-264.7916666666679,-1.0658141036401504e-14,0.0056863439913114,-0.0002157500790421,0.0084620492898745,0.0002082812798371,0.0042836240792035,-5.8156249258503205e-05
lateral_support_selected_72,partly selected by single-glomerulus lateral-code support,neutral_control_059_VA1d_D_DA2,neutral_control,VA1d;D;DA2,0.1143579457166485,0.1139247485700844,0.1506159686235225,0.1502726183635836,0.11226525779229,0.1111500297596636,-225.6666666666661,7.105427357601002e-15,-0.0022895005219166,-0.0001082229735345,-0.006379662928559,5.094223266689999e-05,-0.002853875743671,-2.591685450409895e-05
lateral_support_selected_72,partly selected by single-glomerulus lateral-code support,support_extra_062_DL1_VM3_DM1,support_extra,DL1;VM3;DM1,0.2785045282632303,0.3082482188528846,0.3757979461345094,0.4073791482523404,0.2769570917143535,0.3035069308440391,-207.33333333333576,0.0,-0.003306576543704,-0.0002643081701307,-0.0018972450165228,0.0001914005558677,-0.0053910638100738,-3.098738552503535e-05
lateral_support_selected_72,partly selected by single-glomerulus lateral-code support,support_extra_063_VA4_VC5_DL2v,support_extra,VA4;VC5;DL2v,0.232491957486743,0.2517719227704839,0.3064865405863186,0.3392960806331412,0.2342610220067826,0.2557878539057986,-713.5833333333321,7.105427357601002e-15,-0.0005645980774729,-0.000942018599977,-0.0025055972581329,-0.0008768719570719,-0.0032458364745371,-0.0008388530828035
lateral_support_selected_72,partly selected by single-glomerulus lateral-code support,support_extra_064_DC1_VL2p_DC2_VL2a,support_extra,DC1;VL2p;DC2;VL2a,0.2221679220930302,0.2432813521747339,0.2942542792149866,0.3240746860343443,0.2197685805148428,0.2364127229121642,-263.4583333333321,-3.552713678800501e-15,0.0021967015138057,0.0016921037582385,-0.0004549928652531,0.0017354910038508,-0.0011365820131725,0.0016510197762247
lateral_support_selected_72,partly selected by single-glomerulus lateral-code support,support_extra_065_VA7m_VA2_DL2v_DM3,support_extra,VA7m;VA2;DL2v;DM3,0.2541789960702347,0.2635008591173127,0.3390971869745275,0.3522512241312179,0.2499791055938503,0.2594399325214012,-434.25,0.0,0.0062807299255799,-0.0013407935155371,0.0056953885440171,-0.0008812272426163,0.002791473303111,-0.0014087976414327
lateral_support_selected_72,partly selected by single-glomerulus lateral-code support,support_extra_066_VM5d_DP1m_VL2p_VM5v,support_extra,VM5d;DP1m;VL2p;VM5v,0.2720576279675928,0.2940325761918483,0.3636144292671243,0.3891337505761131,0.2696475626828143,0.2918229568334712,-182.29166666666788,0.0,-0.0058994679175771,0.0013046552499437,-0.003987417412697,0.0018206712511814,-0.0080205430565002,0.0010320928400144
lateral_support_selected_72,partly selected by single-glomerulus lateral-code support,support_extra_067_DM2_DM1_VA2,support_extra,DM2;DM1;VA2,0.2656414964191865,0.278586887118355,0.3580636901277046,0.3800132925934272,0.2633857715088812,0.2821242637454508,-419.5,7.105427357601002e-15,-0.0027554009005634,-0.0012911761938581,-0.0034257227196251,-0.0013819707339818,-0.0041384896345638,-0.0011144536680507
lateral_support_selected_72,partly selected by single-glomerulus lateral-code support,support_extra_068_VA7m_VC5_VL2p,support_extra,VA7m;VC5;VL2p,0.2160956205178331,0.24157975209235,0.2882163757442004,0.3228237738442163,0.2134651924299627,0.2388895641368994,-520.1666666666679,3.552713678800501e-15,-0.0009892082971317,4.379796944746495e-05,-0.0040191881298409,0.0005035645086795,-0.0032126412105908,0.0001951042949208
lateral_support_selected_72,partly selected by single-glomerulus lateral-code support,support_extra_069_VA4_DM2_DL2v_DM6,support_extra,VA4;DM2;DL2v;DM6,0.257270851860871,0.2820640716235663,0.3462330696608821,0.3813780539148904,0.2594906971377154,0.2790900383911455,-354.20833333333576,3.552713678800501e-15,-0.0004936529129241,0.0008356691787779,-0.0004001610396369,0.0025213696367324,-0.0028993550413628,0.0015092921411341
lateral_support_selected_72,partly selected by single-glomerulus lateral-code support,support_extra_070_VA7m_VA6_VC3,support_extra,VA7m;VA6;VC3,0.2106862143861117,0.2483812632757028,0.2781043332193257,0.3300140334307882,0.2062665572645207,0.2446038440144064,-687.25,0.0,-0.0009516210806771,-0.0009122078107168,-0.001821562853814,-0.0004072835323662,-0.00218566132775,-0.0005746887368389
lateral_support_selected_72,partly selected by single-glomerulus lateral-code support,support_extra_071_VA7l_DC2_VC5_DA1,support_extra,VA7l;DC2;VC5;DA1,0.2340871692973927,0.25188631041144,0.3020105837939442,0.3399320746884249,0.2280116660844597,0.2554621279761637,-377.20833333333576,-3.552713678800501e-15,0.0044557045643243,-0.0006699996063423,0.0022712455973829,0.0003697879409672,-2.5868670384224766e-05,-9.838601158249538e-05
lateral_support_selected_72,partly selected by single-glomerulus lateral-code support,support_pair_000_DM1_DP1m,support_pair,DM1;DP1m,0.3342763534632993,0.3675348302119805,0.4492451310360346,0.4989495706162573,0.3301713704652995,0.3678964519209484,-216.3333333333321,3.552713678800501e-15,-0.006216027993643,-0.0002740778687684,-0.0056057729783455,0.0003384389322368,-0.0049545233623203,-1.2157194500999996e-05
lateral_support_selected_72,partly selected by single-glomerulus lateral-code support,support_pair_001_DP1m_DC1,support_pair,DP1m;DC1,0.2529527304935295,0.3137964204517768,0.3374784929758503,0.421303890001914,0.2547954036821339,0.3061603045595029,-28.58333333333212,3.552713678800501e-15,-0.0018679637122722,-0.0008888687988908,-0.0015450010630018,0.0002428475195928,-0.0030066664709694,-0.000406082177303
lateral_support_selected_72,partly selected by single-glomerulus lateral-code support,support_pair_002_DP1l_DC1,support_pair,DP1l;DC1,0.2050221441873803,0.2197798318665267,0.2682650839592839,0.2937192555739848,0.205707165052296,0.2181318430907582,-1009.333333333332,-7.105427357601002e-15,0.0029836120601976,-0.0002517498522785,0.001034126115637,-0.0003144232104756,0.0014082035560281,-0.0001882871343141
lateral_support_selected_72,partly selected by single-glomerulus lateral-code support,support_pair_003_DC1_VA2,support_pair,DC1;VA2,0.1916325659993401,0.2232025674538544,0.2586375720333972,0.3034240270756088,0.1942816148838549,0.2224386829395794,-514.625,-3.552713678800501e-15,0.0002443257771597,-0.0004772262064686,-0.0003986810989124,-0.0001890244041724,-0.0007752738175131,-9.8945882888225e-05
lateral_support_selected_72,partly selected by single-glomerulus lateral-code support,support_pair_004_VA2_DM4,support_pair,VA2;DM4,0.2082386687889505,0.2338893397320574,0.2784111347336179,0.3130052092382882,0.2068447857003028,0.2311950424266354,-221.375,-7.105427357601002e-15,-0.0017360315456928,3.453742749943284e-05,-0.0015352821342841,0.0003121341228933,-0.0025022964091293,0.0001352976414163
lateral_support_selected_72,partly selected by single-glomerulus lateral-code support,support_pair_005_DM4_VL2p,support_pair,DM4;VL2p,0.2130132303246752,0.2330345909018727,0.2794261776756525,0.3103123308013854,0.2097800991108197,0.2272893761031502,-221.29166666666424,3.552713678800501e-15,-0.0047640268904536,0.0003846510440679,-0.0060237360484933,0.0006470370812864,-0.0054031514594481,0.0003579354468844
lateral_support_selected_72,partly selected by single-glomerulus lateral-code support,support_pair_006_VL2p_VC5,support_pair,VL2p;VC5,0.1891812132728613,0.2257796341853454,0.2508419636193432,0.3073314356387899,0.1873972203170058,0.2248964083615179,-768.8333333333358,-3.552713678800501e-15,-0.000114040982386,-0.0001123212736063,-0.0009366354785856,0.0002624496931806,-0.0011431641002837,0.0001540864684909
lateral_support_selected_72,partly selected by single-glomerulus lateral-code support,support_pair_007_VC5_DL2v,support_pair,VC5;DL2v,0.2025435487816679,0.2182958950295428,0.2622056838417282,0.2852650509427863,0.202046116547822,0.2150831007455569,-1274.25,-7.105427357601002e-15,0.0013392589403261,-0.0005665207781313,4.525059884460015e-05,-0.0003111507983294,0.0002254628776851,-0.0002537382786019
lateral_support_selected_72,partly selected by single-glomerulus lateral-code support,support_pair_008_DL2v_VM5d,support_pair,DL2v;VM5d,0.1790097670110176,0.211865738997944,0.238440855931467,0.2843503688214591,0.1795320461765303,0.2079270419220131,-793.5,0.0,-0.0003239415078519,-0.0006631555708307,-0.0015108079754292,-0.0004808989000186,-0.0014029164788163,-0.0004126387387107
lateral_support_selected_72,partly selected by single-glomerulus lateral-code support,support_pair_009_VM5d_DL1,support_pair,VM5d;DL1,0.1927465905600697,0.2386763123172279,0.2600771445495369,0.3225988555584815,0.1919070429845843,0.2377917773505745,-411.7916666666642,3.552713678800501e-15,-0.0025807479071227,-0.0007423228262247,-0.0031678132665884,-0.0004600830721708,-0.0033399278131309,-0.0002692581767946
lateral_support_selected_72,partly selected by single-glomerulus lateral-code support,support_pair_010_DL1_DA1,support_pair,DL1;DA1,0.1693867826602966,0.1943915951584596,0.2286280032511947,0.2683496853657976,0.1735768926007062,0.1977686841346899,-924.375,3.552713678800501e-15,-0.0011935516422493,-0.000434502339702,-0.0016298507658738,-0.0002195418468657,-0.0018941460500135,-0.0003569974188998
lateral_support_selected_72,partly selected by single-glomerulus lateral-code support,support_pair_011_DA1_V,support_pair,DA1;V,0.1896084317857434,0.2416147084864577,0.2431920266593852,0.3148431857605344,0.1884258126721115,0.2375989557611117,-877.625,-3.552713678800501e-15,-0.0007119095945944,-0.000364885880498,-0.0029579703136681,0.000384850758073,-0.0018235291261489,-9.342690098867495e-05
lateral_support_selected_72,partly selected by single-glomerulus lateral-code support,support_pair_012_V_VA7m,support_pair,V;VA7m,0.1590153801046673,0.1790616303077921,0.2099966067497395,0.2280498650204649,0.161674115824905,0.1761700279384715,-602.875,-7.105427357601002e-15,0.0007032709064722,-0.0002645968263056,-0.0005680567255712,0.0002136708140441,-0.0002178005715399,-0.0001099267504902
lateral_support_selected_72,partly selected by single-glomerulus lateral-code support,support_pair_013_VA7m_VC3,support_pair,VA7m;VC3,0.180229086766259,0.2131583292118121,0.2392567005357403,0.2878941412397508,0.1749695426848899,0.2125956393056305,-277.375,3.552713678800501e-15,0.0003593246605096,4.258920679704042e-05,-0.0011066519299856,0.0003120802628481,-0.0007205057541182,0.0002388341433024
lateral_support_selected_72,partly selected by single-glomerulus lateral-code support,support_pair_014_VC3_VM2,support_pair,VC3;VM2,0.1705675172445887,0.2036866546308161,0.2297812232314498,0.2742537501430477,0.1688911683314775,0.2029229056204619,-443.0416666666679,-3.552713678800501e-15,-0.0013236747210044,-0.000150680514731,-0.0012937266237562,4.04868181332e-05,-0.0017224730117346,2.1966473387475e-05
lateral_support_selected_72,partly selected by single-glomerulus lateral-code support,support_pair_015_VM2_DC2,support_pair,VM2;DC2,0.1131507570019034,0.1248840927595662,0.1501039399042666,0.1676687392869158,0.113166770807124,0.1221895147327667,-242.375,0.0,-0.0001488105065832,-0.0002479196316911,-0.0001674919945816,-0.0001815864085354,-0.0013454637114197,-0.0001648784408751
lateral_support_selected_72,partly selected by single-glomerulus lateral-code support,support_pair_016_DC2_VM7d,support_pair,DC2;VM7d,0.1148004538527218,0.1107587268428794,0.1481436848510964,0.1431018200929591,0.1144214536258684,0.1101954583061703,-358.375,0.0,-0.0012173818042318,-0.0002850796321536,0.0001322236930908,-0.0001783527233757,0.0004606153865051,-0.0001965205882423
lateral_support_selected_72,partly selected by single-glomerulus lateral-code support,support_pair_017_VM7d_DM1,support_pair,VM7d;DM1,0.262852123373167,0.3125516539083225,0.3469938525068158,0.4199135592577613,0.2608566797064465,0.3150033570777047,-895.5416666666679,-3.552713678800501e-15,-0.0043205994896992,-0.0004871396876985,-0.0023526009776197,-0.0001609817959283,-0.0034404607332992,-0.0002238843656377
lateral_support_selected_72,partly selected by single-glomerulus lateral-code support,support_quad_036_DM1_DP1m_DC1_VA2,support_quad,DM1;DP1m;DC1;VA2,0.3397538363433067,0.3488732176693585,0.4516168967783066,0.4698586863231076,0.3324973874887305,0.3471451439584744,13.91666666666424,3.552713678800501e-15,0.000704416712315,-0.0015224753449762,-0.0014669263384953,-0.0010430176632898,-0.0029247322843231,-0.000626131385053
lateral_support_selected_72,partly selected by single-glomerulus lateral-code support,support_quad_037_DC1_VA2_DM4_VL2p,support_quad,DC1;VA2;DM4;VL2p,0.2721243799426335,0.2825577872960334,0.3627789703248558,0.3752356530157744,0.2690471995589253,0.2785811502433771,-125.41666666666424,-7.105427357601002e-15,-0.005314379004803,0.0036509836175821,-0.0058192147947841,0.0054473236227379,-0.0069857567801817,0.0041459106812539
lateral_support_selected_72,partly selected by single-glomerulus lateral-code support,support_quad_038_VL2p_VC5_DL2v_VM5d,support_quad,VL2p;VC5;DL2v;VM5d,0.2708561021473468,0.2878857034412218,0.3580688415395461,0.3809983870190184,0.2680799703962776,0.2806590191674216,-684.9166666666679,7.105427357601002e-15,0.0013983707458983,0.0001242142759565,0.0033341616704127,0.0010558912007676,-0.0004736910714768,0.0011761314674261
lateral_support_selected_72,partly selected by single-glomerulus lateral-code support,support_quad_039_VM5d_DL1_DA1_V,support_quad,VM5d;DL1;DA1;V,0.273140717827247,0.2999949384635346,0.360102569864302,0.3975066461980933,0.2712487529241967,0.2990708834671474,-740.4583333333321,-3.552713678800501e-15,-0.0057513870320336,-0.0019380640537814,-0.0073740028101008,-0.0004700496903328,-0.0085145265058157,-0.0007537558855124
lateral_support_selected_72,partly selected by single-glomerulus lateral-code support,support_quad_040_V_VA7m_VC3_VM2,support_quad,V;VA7m;VC3;VM2,0.2379930140863168,0.2566349861869952,0.3154738010066031,0.3306827821643119,0.2380313884134381,0.25249783127092,-754.0,3.552713678800501e-15,-0.0040266447508278,-0.0023369499004396,-0.0075600731307881,-0.0027364213563723,-0.0064765430082011,-0.0017078192255204
lateral_support_selected_72,partly selected by single-glomerulus lateral-code support,support_quad_041_VM2_DC2_DM2_DL3,support_quad,VM2;DC2;DM2;DL3,0.1921793505969164,0.2156704398275858,0.2554179637778525,0.2941372887087715,0.1945838675996828,0.21426304587943,-189.375,0.0,0.005831435231112,-0.0011680145063207,-0.0019479825265794,-0.0010669394667349,-0.0009196039922521,-0.0004355574923275
lateral_support_selected_72,partly selected by single-glomerulus lateral-code support,support_quad_042_VM5v_DM2_DL3_VA6,support_quad,VM5v;DM2;DL3;VA6,0.241289282440384,0.2607480443217539,0.3259335514224302,0.3499758003110329,0.2392083172393703,0.2605871534535122,-370.6666666666642,3.552713678800501e-15,0.00106934888956,-0.0026082325112572,0.0028601706414039,-0.0021038025737263,0.0003604569440539,-0.0012245132992054
lateral_support_selected_72,partly selected by single-glomerulus lateral-code support,support_quad_043_DM3_VM3_VA6_VC4,support_quad,DM3;VM3;VA6;VC4,0.2151913070586925,0.2204404068729175,0.2810099135124442,0.3014564898904431,0.2113582945746594,0.2220080737579151,-722.9166666666679,-7.105427357601002e-15,-0.0019724290720668,-0.0059551335201619,-0.0021589362200627,-0.0075218010413108,-0.0034276112224671,-0.0057064830515421
lateral_support_selected_72,partly selected by single-glomerulus lateral-code support,support_quad_044_VC4_VA3_VM1_DL2d,support_quad,VC4;VA3;VM1;DL2d,0.1776707804542425,0.1948349273234743,0.2392053333604159,0.2557601482293097,0.1784889963452245,0.1933476390935615,-401.2916666666642,0.0,-0.0017413046387666,-0.002037696475555,-0.0051322064997389,-0.0017126534195252,-0.0028574053241152,-0.0011279202200422
lateral_support_selected_72,partly selected by single-glomerulus lateral-code support,support_quad_045_DL2d_DM6_VA4_VC2,support_quad,DL2d;DM6;VA4;VC2,0.1998900146268218,0.2232424334889498,0.2665412031017032,0.2944759045083953,0.1988925203957536,0.2244084665463818,-153.5,-3.552713678800501e-15,0.0007108819424085,-7.77157421000263e-06,0.0009623853052004,0.0003233570686565,-0.0001849597343098,8.482312326626514e-06
lateral_support_selected_72,partly selected by single-glomerulus lateral-code support,support_triple_018_DM1_DP1m_DC1,support_triple,DM1;DP1m;DC1,0.3269981018863757,0.3642749110987965,0.444062593568682,0.4834724167956883,0.3288076917193517,0.3568821440839177,59.70833333333212,0.0,-0.0034981087633828,0.0011003852954195,-0.0012937351536639,0.0017860532990332,-0.0029355619553301,0.0011776609214992
lateral_support_selected_72,partly selected by single-glomerulus lateral-code support,support_triple_019_DP1l_DC1_VA2,support_triple,DP1l;DC1;VA2,0.2747834594890772,0.2850109303376042,0.3636150848733021,0.3795212099738638,0.2691388633899509,0.2813530465286702,-645.1666666666642,-3.552713678800501e-15,0.0010220118921446,-0.0016598179277895,0.0009873671871073,-0.001499612476198,0.0003917319036334,-0.0010982535623828
lateral_support_selected_72,partly selected by single-glomerulus lateral-code support,support_triple_020_VA2_DM4_VL2p,support_triple,VA2;DM4;VL2p,0.2238968673124202,0.2389996135872476,0.3012800948294565,0.3174049164103979,0.2254949276353984,0.2351827357162621,-171.29166666666424,3.552713678800501e-15,-0.001490266975931,0.0009113269454889,-0.0029945670370991,0.0020978851661708,-0.004874880892167,0.001203691436116
lateral_support_selected_72,partly selected by single-glomerulus lateral-code support,support_triple_021_VL2p_VC5_DL2v,support_triple,VL2p;VC5;DL2v,0.2514673653094901,0.271450345777394,0.337899147739507,0.3642334311904696,0.2509212751941451,0.2697642138120562,-904.9166666666642,-3.552713678800501e-15,-0.0031264727303772,-0.0006089894280377,-0.0043883999212995,0.0005070943937954,-0.005093226276744,-9.992030125379598e-05
lateral_support_selected_72,partly selected by single-glomerulus lateral-code support,support_triple_022_DL2v_VM5d_DA1,support_triple,DL2v;VM5d;DA1,0.2132789917213882,0.2400275002896195,0.2877907288337399,0.317649753592868,0.2130280074622848,0.2423582933585684,-748.375,0.0,-0.0023513272867225,-0.0006701211710337,-0.0034216157290761,-0.0003399318553702,-0.0032328849246095,-0.0004086626953572
lateral_support_selected_72,partly selected by single-glomerulus lateral-code support,support_triple_023_DL1_DA1_V,support_triple,DL1;DA1;V,0.2339752363391796,0.2630816712939693,0.3107667842382284,0.342110280378429,0.2339062949966594,0.2607519229117178,-766.5833333333321,-3.552713678800501e-15,-0.0003035192733538,-0.0002292389239795,-0.0040156276490968,0.0006064276544083,-0.0016742365344781,0.0001546875569871
lateral_support_selected_72,partly selected by single-glomerulus lateral-code support,support_triple_024_V_VA7m_VC3,support_triple,V;VA7m;VC3,0.2306852408034324,0.2552658091210464,0.3001872240414953,0.3331426875777163,0.2269440747229168,0.2534588984778243,-793.3333333333358,-3.552713678800501e-15,0.0016087305551075,-0.0001234727786399,-0.0005795059770173,0.0005985829885564,-0.0001714581138933,4.035970538136824e-05
lateral_support_selected_72,partly selected by single-glomerulus lateral-code support,support_triple_025_VC3_VM2_DC2,support_triple,VC3;VM2;DC2,0.1811446123144877,0.2094939665684389,0.2416494518017931,0.2726717251306449,0.1770651669993132,0.2048309263389338,-219.5,3.552713678800501e-15,0.0008154456376317,0.0002169114313662,-0.0031425405613298,0.0003913539103431,-0.0009233801691506,0.0004789682201729
lateral_support_selected_72,partly selected by single-glomerulus lateral-code support,support_triple_026_DC2_VM7d_DM2,support_triple,DC2;VM7d;DM2,0.1904469361215615,0.2319839328391554,0.2574885783794529,0.3122347168048595,0.1916578365171699,0.2296914901496065,-356.875,3.552713678800501e-15,0.0055571130393466,-0.0007074139154208,0.0044126465167558,-0.0006605679855514,0.0050129738817068,-0.000404306746464
lateral_support_selected_72,partly selected by single-glomerulus lateral-code support,support_triple_027_VM5v_DM2_DL3,support_triple,VM5v;DM2;DL3,0.1653697447776112,0.1928359807625225,0.2216023151471407,0.2573284056822296,0.1641649952400283,0.1947260042417398,-389.9166666666642,0.0,-0.0044212118310743,-0.0009286623276791,-0.0068187810859415,-0.0006839894291025,-0.0049455969713372,-0.0003212537044753
lateral_support_selected_72,partly selected by single-glomerulus lateral-code support,support_triple_028_DL3_DM3_VM3,support_triple,DL3;DM3;VM3,0.1786375014460339,0.1532588492061081,0.2438708814971433,0.2116562427833604,0.1760848522916767,0.1567987153616895,-790.9166666666661,0.0,0.0102292672557163,-0.0010473423538896,0.0135732097482656,-0.00089205238059,0.0093854936594112,-0.0006156506848102
lateral_support_selected_72,partly selected by single-glomerulus lateral-code support,support_triple_029_VM3_VA6_VC4,support_triple,VM3;VA6;VC4,0.1934446534531839,0.2296654045822038,0.2572108895054436,0.3091954996326043,0.1904786138661004,0.2292636152293382,-547.625,0.0,0.0026095952277214,-0.0010881116254229,0.0002662588397038,-0.0008130137484291,0.0012144148142566,-0.0007109835794533
lateral_support_selected_72,partly selected by single-glomerulus lateral-code support,support_triple_030_VC4_VA3_VM1,support_triple,VC4;VA3;VM1,0.1409451160139631,0.1610299723336469,0.1874675494345603,0.2110256029539208,0.1434602935142196,0.1607887555283828,-331.125,0.0,0.0026861411055411,-0.0003040988745,-7.525113301250002e-05,-0.0001278464349245,0.0007574748109057,-2.4471338128250635e-06
lateral_support_selected_72,partly selected by single-glomerulus lateral-code support,support_triple_031_VM1_DL2d_DM6,support_triple,VM1;DL2d;DM6,0.1750149621222272,0.1904340849604966,0.2340929146692641,0.2533232025689997,0.1731673758818702,0.1916004104374242,-221.25,0.0,0.002007653463254,-0.0010038063572598,-0.0004514894311337,-0.0006513580583188,-1.972108954824978e-05,-0.0007419399087328
lateral_support_selected_72,partly selected by single-glomerulus lateral-code support,support_triple_032_DM6_DL5_VA4,support_triple,DM6;DL5;VA4,0.1753464069809728,0.2110019406652506,0.2336863797884072,0.2799848967837421,0.1752933463159322,0.2132133385272946,-221.0,-3.552713678800501e-15,0.0051140605670265,-0.0002779534234408,0.0004509471558086,7.088461517159997e-05,0.0021256463581599,-0.0001852455951132
lateral_support_selected_72,partly selected by single-glomerulus lateral-code support,support_triple_033_VA4_DM5_VC2,support_triple,VA4;DM5;VC2,0.1602734647955532,0.1896242060681105,0.2137355686866911,0.2534224877703566,0.1621614324603357,0.1912717168149768,-465.1666666666679,-3.552713678800501e-15,0.0019838398870786,0.0003514029017996,-1.213698465489998e-05,0.0010976131616797,0.0003847172317336,0.0007074092251995
lateral_support_selected_72,partly selected by single-glomerulus lateral-code support,support_triple_034_VC2_VL2a_VA7l,support_triple,VC2;VL2a;VA7l,0.1342665791530845,0.149315946662279,0.1796351541144472,0.2017348722388245,0.1330449235244463,0.1511653699767154,-146.41666666666788,-3.552713678800501e-15,-0.0030714807360428,-0.0001395073342276,-0.0059131198726202,0.0003897685756743,-0.0019365708595934,0.0002023690466887
lateral_support_selected_72,partly selected by single-glomerulus lateral-code support,support_triple_035_VA7l_DA4l_DM1,support_triple,VA7l;DA4l;DM1,0.2426271602531969,0.2641277036841247,0.3197960076050848,0.3470355232952841,0.2402488237535714,0.2643687480782744,-381.875,-3.552713678800501e-15,-0.0024217446859788,-0.0005394476574382,-0.0025192644323252,-0.0003528495014577,-0.0023910074066439,-0.0004730168349363
lateral_support_selected_72,partly selected by single-glomerulus lateral-code support,support_with_neutral_046_DM1_DP1m_VA5,support_with_neutral,DM1;DP1m;VA5,0.3056915795182146,0.3351095387402385,0.4067497848593253,0.4467560314006484,0.3029639966805186,0.3346675800462121,-229.33333333333576,7.105427357601002e-15,0.0039572134391834,0.0015696357897218,0.0023791476910117,0.0028631471058115,0.0046315135435039,0.0019770522055579
lateral_support_selected_72,partly selected by single-glomerulus lateral-code support,support_with_neutral_047_DP1l_DC1_DC3,support_with_neutral,DP1l;DC1;DC3,0.243662057564712,0.2702976800878053,0.3266368582301936,0.3622181943333805,0.2389833013104466,0.2655955781458346,-479.4166666666679,-3.552713678800501e-15,8.267824770077925e-05,-0.0024444963884425,0.0004605106416866,-0.0019278345507005,-0.0003376363741534,-0.001826662507422
lateral_support_selected_72,partly selected by single-glomerulus lateral-code support,support_with_neutral_048_VA2_DM4_VM7v,support_with_neutral,VA2;DM4;VM7v,0.2156177073021891,0.235454245741257,0.2877967596850128,0.3135902651016939,0.2125439440044614,0.2291018894268432,-171.41666666666788,3.552713678800501e-15,0.0032967012219781,0.0005384775699303,-0.0020088257747434,0.0008406476899301,-0.0006181822957761,0.0004932050540311
lateral_support_selected_72,partly selected by single-glomerulus lateral-code support,support_with_neutral_049_VL2p_VC5_VA1v,support_with_neutral,VL2p;VC5;VA1v,0.1932792209644393,0.2080315236327914,0.251622540732086,0.2764557718483268,0.1890845320259404,0.2080314350874794,-625.6666666666642,0.0,-0.0046764764907214,0.0001310453089165,-0.0065794445676026,0.0008932844443845,-0.0033423503876349,0.0007190171566083
lateral_support_selected_72,partly selected by single-glomerulus lateral-code support,support_with_neutral_050_DL2v_VM5d_VC1,support_with_neutral,DL2v;VM5d;VC1,0.2033887627936517,0.2348608446476395,0.2717129236060223,0.3110323365969989,0.2033846035350336,0.2316459838005043,-603.0833333333321,7.105427357601002e-15,0.000299908299875,-0.0013176754833338,0.0008870654591115,-0.0007074535974339,-0.0018774681883454,-0.0007278811143128
lateral_support_selected_72,partly selected by single-glomerulus lateral-code support,support_with_neutral_051_DL1_DA1_VA1d,support_with_neutral,DL1;DA1;VA1d,0.1994542061837526,0.2314201228725994,0.2661412843062077,0.3093928566320041,0.1987437047455613,0.2297717945283482,-503.4166666666642,0.0,-0.0007688907279441,-0.0010367161589835,-0.0028226989422182,-0.0004265037314924,-0.0035218612428245,-0.0004232356975454
lateral_support_selected_72,partly selected by single-glomerulus lateral-code support,support_with_neutral_052_V_VA7m_D,support_with_neutral,V;VA7m;D,0.2008500970852719,0.2364990222822572,0.2631379424050817,0.3044385764161246,0.2012975686320224,0.2334064836015714,-717.0833333333358,-3.552713678800501e-15,-0.0038392894709017,0.0002427110535973,-0.007275244891869,0.0017471786147538,-0.0037206182240215,0.0007173701026961
lateral_support_selected_72,partly selected by single-glomerulus lateral-code support,support_with_neutral_053_VC3_VM2_DA2,support_with_neutral,VC3;VM2;DA2,0.1693805316192349,0.1655194429932518,0.2234318045715971,0.2212954567218917,0.1698187657281944,0.1653586631383705,-252.08333333333576,-7.105427357601002e-15,0.0004651423031759,0.0002187332462875,0.0033525649347275,0.0002973801306318,0.0006079362524281,0.0006158419807503
lateral_support_selected_72,partly selected by single-glomerulus lateral-code support,weak_control_060_D_DA2_VM4,weak_control,D;DA2;VM4,0.1181859502326177,0.1134521463246727,0.162229510398071,0.1504466240140238,0.119881256971071,0.1097119443545197,104.29166666666606,-7.105427357601002e-15,0.0112921384084831,0.0009664565578483,0.0095651327351295,0.0014792137803803,0.0070732626944281,0.000964627747349
lateral_support_selected_72,partly selected by single-glomerulus lateral-code support,weak_control_061_DA2_VM4_VL1,weak_control,DA2;VM4;VL1,0.1074273767789852,0.0564929220463948,0.1413669091057306,0.0749974422165552,0.1098679121061395,0.0561308444396665,70.95833333333212,3.552713678800501e-15,-0.0017760697064303,-0.0021706721580758,-0.0085186182291716,-0.0025835102065005,-0.0015196659943032,-0.001743829362972
effective_dimension_selected_15,"selected by effective-dimension criterion, independent of lateral-code direction",norm_eff_context_control_010_DL1_VL2p_VL1,norm_eff_context_control,DL1;VL2p;VL1,0.1953674900062944,0.1907648617914488,0.2611205105274092,0.256495997301111,0.1986797507312953,0.1914078465659167,-202.75,0.0,0.0030973570894549,-0.0017929871919842,0.004240754165186,-0.001781558690344,0.0027630085192307,-0.0007194482695288
effective_dimension_selected_15,"selected by effective-dimension criterion, independent of lateral-code direction",norm_eff_context_control_011_VL2p_DA2_VM3,norm_eff_context_control,VL2p;DA2;VM3,0.164115768465619,0.1657141986722599,0.2182698270169389,0.2232138987489252,0.1615908529348902,0.1687664048437946,-243.1666666666661,0.0,0.000197791889074,-0.0006799733085001,-0.0021476368667616,-0.0004085761510663,-0.0023598599732262,-0.0006907362757308
effective_dimension_selected_15,"selected by effective-dimension criterion, independent of lateral-code direction",norm_eff_negative_control_012_DM2_VA4_VC1,norm_eff_negative_control,DM2;VA4;VC1,0.1945817939213666,0.222995336427915,0.2596268978706914,0.2964511113079846,0.1930809498864824,0.2265323129921942,-290.04166666666606,3.552713678800501e-15,0.0023855592779712,-0.0010126836900965,0.0016045377865321,-0.0005837864358369,0.0011111225013538,-0.0005514857895026
effective_dimension_selected_15,"selected by effective-dimension criterion, independent of lateral-code direction",norm_eff_negative_control_013_VA4_DM3_VC1,norm_eff_negative_control,VA4;DM3;VC1,0.1603234072174853,0.1595195235880863,0.2153714661479399,0.2154968521711392,0.1600451091864667,0.1625762882378356,-517.125,3.552713678800501e-15,0.0025998992985806,-0.0014388354575891,0.0029891520487485,-0.0014224948075207,0.0032851865878762,-0.0013030651311365
effective_dimension_selected_15,"selected by effective-dimension criterion, independent of lateral-code direction",norm_eff_negative_control_014_DM3_VC1_VA1v,norm_eff_negative_control,DM3;VC1;VA1v,0.1365121294478138,0.1321888665163373,0.1818546618764377,0.1743492406087698,0.1376101236577502,0.132510745646613,-188.5416666666661,-7.105427357601002e-15,0.008533778942438,-0.0013968837246636,0.0117028242579027,-0.0014352982822843,0.0076166698915166,-0.0012308173939687
effective_dimension_selected_15,"selected by effective-dimension criterion, independent of lateral-code direction",norm_eff_pair_000_DL1_VL2p,norm_eff_pair,DL1;VL2p,0.1741513961280239,0.1809402732516616,0.2267140843454171,0.2404025486605664,0.1702785822268715,0.176760969323659,-146.41666666666606,3.552713678800501e-15,-0.000251961821772,-0.0002357045556443,1.0548173601300036e-05,0.0001490458925023,-0.0017350492451532,-1.85290311152e-05
effective_dimension_selected_15,"selected by effective-dimension criterion, independent of lateral-code direction",norm_eff_pair_001_VL2p_DA2,norm_eff_pair,VL2p;DA2,0.1274938217698917,0.1174767477463318,0.1651856511247374,0.1587568838347982,0.1270470250287596,0.115548996861948,-35.54166666666606,-1.0658141036401504e-14,-0.0054515946681659,0.0001913024018834,-0.0059477735497496,0.000535131505743,-0.0050193654323763,0.0003693749050561
effective_dimension_selected_15,"selected by effective-dimension criterion, independent of lateral-code direction",norm_eff_pair_002_DA2_VA5,norm_eff_pair,DA2;VA5,0.098079419117754,0.0701421486807029,0.1282215691345465,0.0918539244725529,0.0994085257992839,0.0717505345588763,21.79166666666606,-3.552713678800501e-15,0.000595582567574,6.8943147034997154e-06,-0.0015593960507329,2.265710713701685e-05,0.0014918727091624,1.814055639114132e-05
effective_dimension_selected_15,"selected by effective-dimension criterion, independent of lateral-code direction",norm_eff_pair_003_VA5_VM7v,norm_eff_pair,VA5;VM7v,0.0943426255794454,0.0677378397917222,0.1240300452595247,0.0873617023447868,0.0962983837329457,0.0696681679410028,-115.875,0.0,-0.0024232092140723,-4.391493558926485e-05,-0.0031823212228563,-2.0954181393147146e-05,-0.0029418058828332,-2.9891835039798365e-05
effective_dimension_selected_15,"selected by effective-dimension criterion, independent of lateral-code direction",norm_eff_quad_008_DL1_VL2p_DA2_VA5,norm_eff_quad,DL1;VL2p;DA2;VA5,0.1774841509631745,0.1902132861410714,0.2338537310662994,0.2485320301761538,0.1837717090662206,0.1876422486194971,13.08333333333394,0.0,-0.005331323062912,0.0018243174691003,-0.0031995099316661,0.0023417955415576,-0.0074241687393998,0.0020838262259795
effective_dimension_selected_15,"selected by effective-dimension criterion, independent of lateral-code direction",norm_eff_quad_009_VA5_VM7v_VC5_DC3,norm_eff_quad,VA5;VM7v;VC5;DC3,0.2138312810934116,0.23910601018998,0.2811078174635005,0.3240774242193684,0.2104214491562879,0.2460147214699687,-439.2083333333321,-3.552713678800501e-15,-0.0027669444827406,-0.0010181022354728,-0.0029083117890503,-0.0001049766788532,-0.0031484385687061,-8.370256000919999e-05
effective_dimension_selected_15,"selected by effective-dimension criterion, independent of lateral-code direction",norm_eff_triple_004_DL1_VL2p_DA2,norm_eff_triple,DL1;VL2p;DA2,0.191995274821685,0.2058007928659973,0.2548859621280344,0.2751957958413651,0.1901101667464833,0.1955173594671192,-85.45833333333394,0.0,-0.0033361989539817,0.004180969193871,-0.0036583394640464,0.0055029322688263,-0.0022455617744069,0.0046986616604553
effective_dimension_selected_15,"selected by effective-dimension criterion, independent of lateral-code direction",norm_eff_triple_005_DA2_VA5_VM7v,norm_eff_triple,DA2;VA5;VM7v,0.1367684979326112,0.1285186587394907,0.1810664616748993,0.1733700917201266,0.1407132013941754,0.1293225641737212,-123.25,-3.552713678800501e-15,-0.0066901612862859,-0.0001592635878609,-0.0103638359257,1.06455465393e-05,-0.0078014055863623,-0.0001792742342528
effective_dimension_selected_15,"selected by effective-dimension criterion, independent of lateral-code direction",norm_eff_triple_006_VA2_VM7v_VC5,norm_eff_triple,VA2;VM7v;VC5,0.2186663403617381,0.2395371519600713,0.2911519250161314,0.3200489293111292,0.2194878410257248,0.2414660757254179,-223.1666666666661,-7.105427357601002e-15,0.0035780428596133,-0.0004980348423016,-0.0018402812482211,-0.0002488058577558,0.0004176153466093,-0.0001172175211339
effective_dimension_selected_15,"selected by effective-dimension criterion, independent of lateral-code direction",norm_eff_triple_007_VC5_DC3_DL2d,norm_eff_triple,VC5;DC3;DL2d,0.1770997400825362,0.2007119484360122,0.2357562056395926,0.2686817082298289,0.1704327865481847,0.210676318089903,-433.41666666666606,3.552713678800501e-15,-0.0003234532111476,-0.0006938672320698,-0.0027012740905303,-0.0002271665683098,-0.0017308054964469,-0.0002547148150572
